order_no,order_date_time,user_id,product_id,amount,discount_amount,created_by
1001,2026-01-01,1011,1223,592.37,0,1002
1002,2026-01-01,1012,1313,1100.85,0,1002
1003,2026-01-01,1013,1313,1100.85,0,1002
1004,2026-01-01,1014,1202,2541.53,0,1002
1005,2026-01-01,1015,1239,846.61,0,1002
1006,2026-01-02,1016,1204,422.88,0,1002
1007,2026-01-02,1018,1256,931.36,0,1006
1008,2026-01-02,1019,1124,253.39,0,1009
1009,2026-01-02,1020,1113,253.39,0,1002
1010,2026-01-02,1021,1391,761.86,0,1009
1011,2026-01-03,1022,1257,931.36,0,1002
1012,2026-01-04,1023,1391,761.86,0,1002
1013,2026-01-04,1024,1391,761.86,0,1005
1014,2026-01-04,1025,1223,592.37,0,1002
1015,2026-01-04,1026,1223,592.37,0,1009
1016,2026-01-04,1027,1223,592.37,0,1005
1017,2026-01-05,1029,1391,761.86,0,1005
1018,2026-01-05,1030,1391,761.86,0,1005
1019,2026-01-05,1031,1121,253.39,0,1002
1020,2026-01-05,1031,1391,761.86,0,1002
1021,2026-01-05,1032,1391,761.86,0,1002
1022,2026-01-05,1033,1254,846.61,0,1028
1023,2026-01-05,1034,1391,761.86,0,1005
1024,2026-01-06,1035,1391,761.86,0,1005
1025,2026-01-06,1036,1391,761.86,0,1028
1026,2026-01-06,1037,1391,761.86,0,1005
1027,2026-01-06,1038,1391,761.86,0,1028
1028,2026-01-06,1039,1134,338.14,0,1006
1029,2026-01-07,1040,1391,761.86,0,1009
1030,2026-01-07,1041,1121,253.39,0,1005
1031,2026-01-07,1042,1236,761.86,0,1028
1032,2026-01-07,1043,1236,761.86,0,1005
1033,2026-01-07,1044,1236,761.86,0,1009
1034,2026-01-07,1045,1135,338.14,0,1006
1035,2026-01-07,1046,1135,338.14,0,1002
1036,2026-01-07,1047,1121,253.39,0,1002
1037,2026-01-08,1048,1124,253.39,0,1002
1038,2026-01-08,1049,1391,761.86,0,1002
1039,2026-01-08,1050,1136,422.88,0,1002
1040,2026-01-08,1051,1343,2541.53,0,1006
1041,2026-01-08,1052,1344,5507.63,0,1006
1042,2026-01-08,1053,1183,592.37,29.6185,1009
1043,2026-01-08,1054,1134,338.14,0,1006
1044,2026-01-08,1055,1134,338.14,0,1009
1045,2026-01-08,1056,1134,338.14,0,1009
1046,2026-01-08,1057,1126,338.14,0,1009
1047,2026-01-09,1058,1391,761.86,0,1003
1048,2026-01-09,1059,1391,761.86,0,1002
1049,2026-01-09,1060,1123,253.39,0,1003
1050,2026-01-09,1061,1162,422.88,0,1005
1051,2026-01-09,1062,1183,592.37,0,1005
1052,2026-01-09,1063,1120,253.39,0,1005
1053,2026-01-09,1064,1225,592.37,29.6185,1006
1054,2026-01-10,1066,1105,253.39,0,1003
1055,2026-01-10,1067,1167,422.88,0,1002
1056,2026-01-10,1069,1391,761.86,0,1005
1057,2026-01-10,1070,1110,253.39,0,1005
1058,2026-01-10,1071,1129,338.14,0,1009
1059,2026-01-10,1073,1088,2287.29,228.729,1003
1060,2026-01-11,1076,1164,422.88,0,1003
1061,2026-01-11,1077,1391,761.86,0,1005
1062,2026-01-11,1078,1188,592.37,29.6185,1006
1063,2026-01-11,1079,1131,338.14,0,1028
1064,2026-01-11,1080,1324,1270.34,0,1006
1065,2026-01-11,1082,1391,761.86,0,1003
1066,2026-01-11,1084,1121,253.39,0,1002
1067,2026-01-12,1085,1121,253.39,0,1002
1068,2026-01-12,1086,1260,931.36,0,1003
1069,2026-01-12,1087,1139,422.88,0,1028
1070,2026-01-12,1088,1353,1016.1,0,1003
1071,2026-01-13,1090,1121,253.39,0,1003
1072,2026-01-13,1091,1113,253.39,0,1003
1073,2026-01-13,1092,1121,253.39,0,1002
1074,2026-01-13,1093,1336,1694.07,0,1009
1075,2026-01-13,1093,1273,1694.07,0,1009
1076,2026-01-13,1094,1126,338.14,0,1006
1077,2026-01-13,1095,1124,253.39,0,1006
1078,2026-01-14,1096,1121,253.39,0,1002
1079,2026-01-14,1097,1097,2965.25,296.525,1006
1080,2026-01-14,1098,1114,253.39,0,1006
1081,2026-01-14,1098,1114,253.39,0,1006
1082,2026-01-14,1099,1121,253.39,0,1006
1083,2026-01-14,1100,1391,761.86,0,1006
1084,2026-01-14,1101,1152,253.39,0,1002
1085,2026-01-14,1102,1121,253.39,0,1009
1086,2026-01-14,1103,1121,253.39,0,1003
1087,2026-01-15,1104,1147,592.37,0,1003
1088,2026-01-15,1104,1147,592.37,0,1003
1089,2026-01-15,1105,1391,761.86,0,1002
1090,2026-01-15,1106,1121,253.39,0,1003
1091,2026-01-15,1107,1149,1270.34,0,1002
1092,2026-01-15,1108,1121,253.39,0,1009
1093,2026-01-15,1109,1121,253.39,0,1003
1094,2026-01-15,1110,1391,761.86,0,1005
1095,2026-01-15,1111,1391,761.86,0,1005
1096,2026-01-15,1112,1124,253.39,0,1006
1097,2026-01-15,1113,1132,338.14,0,1006
1098,2026-01-15,1114,1133,338.14,0,1006
1099,2026-01-15,1115,1124,253.39,0,1002
1100,2026-01-15,1116,1124,253.39,0,1003
1101,2026-01-15,1117,1124,253.39,0,1002
1102,2026-01-15,1118,1124,253.39,0,1003
1103,2026-01-16,1119,1391,761.86,0,1003
1104,2026-01-16,1120,1391,761.86,0,1002
1105,2026-01-16,1121,1391,761.86,0,1005
1106,2026-01-16,1122,1391,761.86,0,1005
1107,2026-01-16,1123,1126,338.14,0,1005
1108,2026-01-16,1124,1121,253.39,0,1005
1109,2026-01-16,1125,1126,338.14,0,1005
1110,2026-01-16,1126,1391,761.86,0,1005
1111,2026-01-16,1127,1391,761.86,0,1005
1112,2026-01-17,1128,1121,253.39,0,1003
1113,2026-01-17,1129,1121,253.39,0,1002
1114,2026-01-17,1130,1121,253.39,0,1003
1115,2026-01-17,1131,1113,253.39,0,1002
1116,2026-01-17,1132,1106,253.39,0,1028
1117,2026-01-17,1133,1133,338.14,0,1005
1118,2026-01-17,1134,1391,761.86,0,1005
1119,2026-01-17,1135,1126,338.14,0,1006
1120,2026-01-17,1136,1145,507.63,0,1006
1121,2026-01-17,1137,1228,592.37,0,1006
1122,2026-01-17,1138,1334,1694.07,0,1006
1123,2026-01-17,1139,1391,761.86,0,1002
1124,2026-01-17,1140,1121,253.39,0,1003
1125,2026-01-18,1141,1340,2117.8,0,1003
1126,2026-01-18,1142,1183,592.37,0,1003
1127,2026-01-18,1143,1121,253.39,0,1005
1128,2026-01-18,1144,1121,253.39,0,1005
1129,2026-01-18,1145,1121,253.39,0,1005
1130,2026-01-18,1146,1121,253.39,0,1005
1131,2026-01-18,1147,1121,253.39,0,1005
1132,2026-01-18,1148,1135,338.14,0,1005
1133,2026-01-18,1149,1391,761.86,0,1005
1134,2026-01-18,1150,1097,2965.25,0,1005
1135,2026-01-18,1151,1121,253.39,0,1006
1136,2026-01-18,1152,1121,253.39,0,1006
1137,2026-01-18,1153,1121,253.39,0,1006
1138,2026-01-18,1154,1121,253.39,0,1006
1139,2026-01-18,1155,1121,253.39,0,1006
1140,2026-01-18,1156,1128,338.14,0,1006
1141,2026-01-18,1157,1145,507.63,0,1006
1142,2026-01-18,1158,1241,846.61,0,1009
1143,2026-01-18,1159,1132,338.14,0,1009
1144,2026-01-18,1160,1121,253.39,0,1009
1145,2026-01-18,1161,1121,253.39,0,1009
1146,2026-01-19,1162,1135,338.14,0,1002
1147,2026-01-19,1163,1199,931.36,0,1003
1148,2026-01-19,1164,1121,253.39,0,1009
1149,2026-01-19,1165,1338,2117.8,0,1003
1150,2026-01-19,1166,1223,592.37,0,1009
1151,2026-01-19,1167,1162,422.88,0,1009
1152,2026-01-19,1168,1135,338.14,0,1005
1153,2026-01-19,1169,1306,1016.1,0,1005
1154,2026-01-19,1170,1133,338.14,0,1005
1155,2026-01-19,1171,1121,253.39,0,1005
1156,2026-01-19,1172,1121,253.39,0,1005
1157,2026-01-19,1173,1121,253.39,0,1005
1158,2026-01-19,1174,1121,253.39,0,1028
1159,2026-01-19,1175,1121,253.39,0,1028
1160,2026-01-19,1176,1127,338.14,0,1028
1161,2026-01-19,1177,1121,253.39,0,1002
1162,2026-01-19,1178,1121,253.39,0,1003
1163,2026-01-19,1179,1113,253.39,0,1002
1164,2026-01-20,1180,1121,253.39,0,1003
1165,2026-01-20,1181,1121,253.39,0,1002
1166,2026-01-20,1182,1213,422.88,0,1003
1167,2026-01-20,1183,1121,253.39,0,1002
1168,2026-01-20,1184,1121,253.39,0,1003
1169,2026-01-20,1185,1121,253.39,0,1002
1170,2026-01-20,1185,1121,253.39,0,1003
1171,2026-01-20,1186,1121,253.39,0,1005
1172,2026-01-20,1187,1169,422.88,0,1005
1173,2026-01-20,1188,1233,677.12,0,1005
1174,2026-01-20,1189,1170,422.88,0,1005
1175,2026-01-20,1190,1121,253.39,0,1005
1176,2026-01-20,1191,1121,253.39,0,1003
1177,2026-01-21,1192,1263,1100.85,0,1009
1178,2026-01-21,1193,1259,931.36,0,1003
1179,2026-01-21,1194,1170,422.88,0,1003
1180,2026-01-21,1195,1256,931.36,0,1005
1181,2026-01-21,1196,1121,253.39,0,1005
1182,2026-01-21,1197,1134,338.14,0,1005
1183,2026-01-21,1198,1126,338.14,0,1005
1184,2026-01-21,1199,1133,338.14,0,1006
1185,2026-01-21,1200,1226,592.37,0,1028
1186,2026-01-21,1201,1135,338.14,0,1002
1187,2026-01-22,1202,1169,422.88,0,1003
1188,2026-01-22,1203,1121,253.39,0,1009
1189,2026-01-22,1204,1121,253.39,0,1002
1190,2026-01-22,1205,1135,338.14,0,1003
1191,2026-01-22,1206,1391,761.86,0,1005
1192,2026-01-22,1207,1391,761.86,0,1005
1193,2026-01-22,1208,1391,761.86,0,1005
1194,2026-01-22,1209,1149,1270.34,0,1005
1195,2026-01-22,1210,1392,761.86,0,1005
1196,2026-01-22,1211,1120,253.39,0,1005
1197,2026-01-22,1212,1391,761.86,0,1005
1198,2026-01-22,1213,1391,761.86,0,1005
1199,2026-01-22,1214,1126,338.14,0,1006
1200,2026-01-22,1215,1139,422.88,0,1006
1201,2026-01-22,1216,1139,422.88,0,1006
1202,2026-01-22,1217,1167,422.88,0,1006
1203,2026-01-22,1218,1126,338.14,0,1006
1204,2026-01-22,1219,1158,422.88,0,1006
1205,2026-01-22,1220,1121,253.39,0,1009
1206,2026-01-22,1221,1241,846.61,0,1002
1207,2026-01-22,1222,1165,422.88,0,1002
1208,2026-01-23,1223,1121,253.39,0,1009
1209,2026-01-23,1224,1130,338.14,0,1002
1210,2026-01-23,1225,1391,761.86,0,1005
1211,2026-01-23,1226,1294,846.61,84.661,1005
1212,2026-01-23,1227,1391,761.86,0,1005
1213,2026-01-23,1228,1135,338.14,0,1005
1214,2026-01-23,1229,1106,253.39,0,1005
1215,2026-01-23,1230,1391,761.86,0,1005
1216,2026-01-23,1231,1371,1694.07,0,1003
1217,2026-01-24,1232,1130,338.14,0,1002
1218,2026-01-24,1233,1392,761.86,0,1005
1219,2026-01-24,1234,1302,1016.1,0,1005
1220,2026-01-24,1235,1392,761.86,0,1005
1221,2026-01-24,1236,1056,1270.34,127.034,1002
1222,2026-01-24,1237,1056,1270.34,127.034,1009
1223,2026-01-24,1238,1056,1270.34,0,1003
1224,2026-01-25,1239,1219,507.63,0,1002
1225,2026-01-25,1240,1391,761.86,0,1009
1226,2026-01-25,1241,1223,592.37,0,1003
1227,2026-01-25,1242,1391,761.86,0,1002
1228,2026-01-25,1243,1392,761.86,0,1003
1229,2026-01-25,1244,1392,761.86,0,1009
1230,2026-01-25,1245,1353,1016.1,0,1002
1231,2026-01-25,1246,1143,422.88,0,1009
1232,2026-01-25,1247,1391,761.86,0,1003
1233,2026-01-25,1248,1392,761.86,0,1002
1234,2026-01-25,1249,1391,761.86,0,1009
1235,2026-01-25,1250,1392,761.86,0,1005
1236,2026-01-25,1251,1391,761.86,0,1005
1237,2026-01-25,1252,1392,761.86,0,1005
1238,2026-01-25,1253,1391,761.86,0,1005
1239,2026-01-25,1254,1085,2117.8,0,1006
1240,2026-01-26,1255,1299,931.36,93.136,1028
1241,2026-01-26,1256,1183,592.37,0,1028
1242,2026-01-26,1257,1279,677.12,0,1005
1243,2026-01-26,1258,1392,761.86,0,1005
1244,2026-01-26,1259,1392,761.86,0,1005
1245,2026-01-26,1260,1235,761.86,0,1003
1246,2026-01-26,1261,1158,422.88,0,1003
1247,2026-01-26,1262,1326,1270.34,0,1003
1248,2026-01-26,1263,1391,761.86,0,1002
1249,2026-01-26,1264,1391,761.86,76.186,1002
1250,2026-01-26,1265,1392,761.86,76.186,1002
1251,2026-01-26,1266,1392,761.86,76.186,1002
1252,2026-01-26,1267,1392,761.86,76.186,1002
1253,2026-01-26,1268,1219,507.63,0,1002
1254,2026-01-27,1269,1392,761.86,76.186,1002
1255,2026-01-27,1270,1392,761.86,76.186,1002
1256,2026-01-27,1270,1392,761.86,76.186,1002
1257,2026-01-27,1271,1391,761.86,0,1002
1258,2026-01-27,1272,1391,761.86,0,1002
1259,2026-01-27,1273,1391,761.86,0,1002
1260,2026-01-27,1274,1391,761.86,76.186,1002
1261,2026-01-27,1275,1392,761.86,76.186,1002
1262,2026-01-27,1276,1391,761.86,76.186,1002
1263,2026-01-27,1277,1351,931.36,0,1002
1264,2026-01-27,1278,1157,338.14,0,1002
1265,2026-01-27,1279,1192,677.12,0,1005
1266,2026-01-27,1280,1192,677.12,0,1005
1267,2026-01-27,1281,1298,931.36,0,1006
1268,2026-01-27,1282,1391,761.86,0,1003
1269,2026-01-27,1283,1392,761.86,0,1028
1270,2026-01-27,1284,1392,761.86,0,1002
1271,2026-01-28,1285,1392,761.86,0,1028
1272,2026-01-28,1286,1392,761.86,76.186,1002
1273,2026-01-28,1287,1392,761.86,0,1003
1274,2026-01-28,1285,1392,761.86,76.186,1028
1275,2026-01-28,1288,1392,761.86,76.186,1002
1276,2026-01-28,1289,1392,761.86,0,1003
1277,2026-01-28,1290,1392,761.86,76.186,1002
1278,2026-01-28,1291,1231,677.12,33.856,1028
1279,2026-01-28,1292,1235,761.86,0,1003
1280,2026-01-28,1293,1235,761.86,0,1002
1281,2026-01-28,1294,1256,931.36,0,1003
1282,2026-01-28,1295,1392,761.86,0,1028
1283,2026-01-28,1296,1183,592.37,0,1006
1284,2026-01-28,1297,1391,761.86,76.186,1002
1285,2026-01-28,1298,1391,761.86,76.186,1003
1286,2026-01-29,1299,1391,761.86,0,1003
1287,2026-01-29,1300,1392,761.86,76.186,1003
1288,2026-01-29,1301,1392,761.86,0,1002
1289,2026-01-29,1302,1391,761.86,0,1009
1290,2026-01-29,1303,1391,761.86,0,1009
1291,2026-01-29,1304,1191,677.12,0,1009
1292,2026-01-29,1305,1179,592.37,0,1006
1293,2026-01-29,1306,1228,592.37,29.6185,1006
1294,2026-01-29,1307,1219,507.63,50.763,1006
1295,2026-01-29,1297,1391,761.86,0,1002
1296,2026-01-29,1308,1391,761.86,0,1003
1297,2026-01-30,1309,1254,846.61,0,1003
1298,2026-01-30,1310,1294,846.61,0,1002
1299,2026-01-30,1311,1391,761.86,0,1003
1300,2026-01-30,1312,1229,677.12,0,1003
1301,2026-01-30,1313,1392,761.86,0,1009
1302,2026-01-30,1314,1392,761.86,0,1009
1303,2026-01-30,1315,1124,253.39,0,1006
1304,2026-01-30,1316,1391,761.86,0,1002
1305,2026-01-30,1317,1279,677.12,0,1002
1306,2026-01-30,1318,1279,677.12,0,1002
1307,2026-01-31,1319,1319,1270.34,0,1002
1308,2026-01-31,1320,1391,761.86,0,1002
1309,2026-01-31,1321,1229,677.12,0,1009
1310,2026-01-31,1322,1183,592.37,0,1009
1311,2026-01-31,1323,1202,2541.53,0,1009
1312,2026-01-31,1323,1202,2541.53,0,1009
1313,2026-01-31,1323,1202,2541.53,0,1009
1314,2026-01-31,1324,1312,1100.85,0,1006
1315,2026-01-31,1325,1167,422.88,0,1006
1316,2026-01-31,1326,1158,422.88,0,1006
1317,2026-01-31,1327,1195,846.61,0,1028
1318,2026-01-31,1328,1391,761.86,0,1003
1319,2026-01-31,1329,1391,761.86,76.186,1002
1320,2026-01-31,1328,1391,761.86,0,1003
1321,2026-01-31,1330,1219,507.63,0,1003
1322,2026-01-31,1331,1219,507.63,0,1002
1323,2026-02-01,1332,1341,2117.8,0,1003
1324,2026-02-01,1328,1391,761.86,0,1003
1325,2026-02-01,1333,1391,761.86,76.186,1002
1326,2026-02-01,1334,1391,761.86,76.186,1003
1327,2026-02-01,1335,1391,761.86,76.186,1002
1328,2026-02-01,1328,1391,761.86,76.186,1003
1329,2026-02-01,1336,1299,931.36,0,1002
1330,2026-02-01,1337,1391,761.86,0,1003
1331,2026-02-01,1338,1391,761.86,0,1009
1332,2026-02-01,1339,1391,761.86,0,1009
1333,2026-02-01,1340,1256,931.36,0,1002
1334,2026-02-01,1341,1254,846.61,0,1003
1335,2026-02-01,1342,1392,761.86,0,1002
1336,2026-02-01,1343,1241,846.61,0,1003
1337,2026-02-02,1344,1392,761.86,0,1003
1338,2026-02-02,1345,1225,592.37,0,1003
1339,2026-02-02,1346,1392,761.86,76.186,1002
1340,2026-02-02,1347,1391,761.86,0,1002
1341,2026-02-02,1348,1391,761.86,0,1003
1342,2026-02-02,1349,1074,1694.07,0,1003
1343,2026-02-02,1350,1122,253.39,0,1002
1344,2026-02-02,1351,1085,2117.8,0,1009
1345,2026-02-02,1352,1162,422.88,0,1009
1346,2026-02-02,1353,1178,507.63,0,1009
1347,2026-02-02,1354,1392,761.86,0,1009
1348,2026-02-02,1355,1391,761.86,0,1009
1349,2026-02-02,1356,1124,253.39,0,1006
1350,2026-02-02,1357,1124,253.39,0,1002
1351,2026-02-02,1358,1256,931.36,0,1002
1352,2026-02-02,1359,1391,761.86,0,1003
1353,2026-02-02,1360,1254,846.61,0,1003
1354,2026-02-02,1361,1391,761.86,0,1003
1355,2026-02-03,1362,1391,761.86,0,1002
1356,2026-02-03,1363,1391,761.86,0,1009
1357,2026-02-03,1364,1391,761.86,0,1009
1358,2026-02-03,1365,1392,761.86,0,1009
1359,2026-02-03,1366,1191,677.12,0,1005
1360,2026-02-03,1367,1192,677.12,0,1005
1361,2026-02-03,1368,1085,2117.8,211.78,1003
1362,2026-02-03,1369,1256,931.36,0,1003
1363,2026-02-04,1370,1244,846.61,0,1003
1364,2026-02-04,1371,1391,761.86,0,1003
1365,2026-02-04,1372,1391,761.86,0,1003
1366,2026-02-04,1373,1391,761.86,0,1003
1367,2026-02-04,1374,1391,761.86,0,1003
1368,2026-02-04,1375,1120,253.39,0,1003
1369,2026-02-04,1376,1238,846.61,0,1003
1370,2026-02-04,1377,1286,846.61,0,1005
1371,2026-02-04,1378,1105,253.39,0,1005
1372,2026-02-04,1379,1355,1100.85,0,1005
1373,2026-02-04,1380,1154,338.14,0,1005
1374,2026-02-04,1381,1391,761.86,0,1005
1375,2026-02-04,1382,1391,761.86,0,1005
1376,2026-02-04,1383,1391,761.86,0,1005
1377,2026-02-04,1384,1178,507.63,25.3815,1006
1378,2026-02-04,1385,1225,592.37,0,1006
1379,2026-02-04,1385,1219,507.63,0,1006
1380,2026-02-04,1386,1228,592.37,0,1006
1381,2026-02-04,1387,1319,1270.34,127.034,1002
1382,2026-02-04,1388,1241,846.61,0,1003
1383,2026-02-04,1389,1392,761.86,0,1003
1384,2026-02-04,1390,1225,592.37,0,1009
1385,2026-02-05,1391,1129,338.14,0,1009
1386,2026-02-05,1372,1391,761.86,0,1003
1387,2026-02-05,1392,1333,1694.07,0,1009
1388,2026-02-05,1393,1306,1016.1,0,1005
1389,2026-02-05,1394,1168,422.88,0,1006
1390,2026-02-05,1395,1164,422.88,21.144,1006
1391,2026-02-05,1396,1168,422.88,0,1002
1392,2026-02-05,1397,1093,2795.76,0,1003
1393,2026-02-05,1398,1299,931.36,0,1002
1394,2026-02-05,1399,1137,422.88,0,1003
1395,2026-02-06,1401,1321,1270.34,0,1005
1396,2026-02-06,1400,1321,1270.34,0,1005
1397,2026-02-06,1402,1074,1694.07,0,1005
1398,2026-02-06,1403,1391,761.86,0,1005
1399,2026-02-06,1404,1260,931.36,0,1006
1400,2026-02-06,1405,1392,761.86,0,1002
1401,2026-02-07,1406,1391,761.86,76.186,1002
1402,2026-02-07,1407,1093,2795.76,279.576,1002
1403,2026-02-07,1408,1120,253.39,0,1002
1404,2026-02-07,1408,1076,1694.07,0,1002
1405,2026-02-07,1409,1391,761.86,0,1002
1406,2026-02-07,1410,1391,761.86,0,1002
1407,2026-02-07,1411,1391,761.86,0,1002
1408,2026-02-07,1412,1158,422.88,0,1002
1409,2026-02-07,1413,1392,761.86,76.186,1002
1410,2026-02-07,1414,1115,253.39,0,1009
1411,2026-02-07,1415,1169,422.88,0,1003
1412,2026-02-08,1416,1392,761.86,0,1003
1413,2026-02-08,1417,1392,761.86,0,1003
1414,2026-02-08,1418,1270,1694.07,0,1003
1415,2026-02-08,1419,1188,592.37,0,1006
1416,2026-02-08,1420,1264,1100.85,0,1006
1417,2026-02-08,1421,1091,2541.53,0,1006
1418,2026-02-08,1422,1294,846.61,0,1003
1419,2026-02-08,1423,1391,761.86,0,1003
1420,2026-02-09,1424,1165,422.88,0,1006
1421,2026-02-09,1425,1392,761.86,0,1006
1422,2026-02-09,1426,1391,761.86,0,1002
1423,2026-02-09,1427,1235,761.86,0,1009
1424,2026-02-09,1428,1235,761.86,0,1009
1425,2026-02-09,1429,1168,422.88,0,1009
1426,2026-02-09,1429,1228,592.37,0,1009
1427,2026-02-09,1429,1135,338.14,0,1009
1428,2026-02-09,1429,1225,592.37,0,1009
1429,2026-02-09,1430,1137,422.88,0,1009
1430,2026-02-09,1431,1254,846.61,0,1009
1431,2026-02-09,1432,1391,761.86,0,1009
1432,2026-02-09,1433,1391,761.86,0,1009
1433,2026-02-09,1434,1392,761.86,0,1009
1434,2026-02-10,1435,1392,761.86,0,1009
1435,2026-02-10,1436,1392,761.86,0,1009
1436,2026-02-10,1437,1392,761.86,0,1009
1437,2026-02-10,1438,1392,761.86,0,1009
1438,2026-02-10,1439,1391,761.86,0,1009
1439,2026-02-10,1440,1392,761.86,0,1009
1440,2026-02-10,1441,1392,761.86,0,1009
1441,2026-02-10,1443,1213,422.88,0,1009
1442,2026-02-10,1443,1213,422.88,0,1009
1443,2026-02-10,1443,1213,422.88,0,1009
1444,2026-02-10,1443,1213,422.88,0,1009
1445,2026-02-10,1444,1235,761.86,0,1002
1446,2026-02-10,1444,1229,677.12,0,1002
1447,2026-02-10,1445,1256,931.36,0,1002
1448,2026-02-10,1446,1392,761.86,76.186,1002
1449,2026-02-10,1447,1392,761.86,76.186,1002
1450,2026-02-10,1448,1391,761.86,76.186,1002
1451,2026-02-10,1449,1391,761.86,76.186,1002
1452,2026-02-10,1450,1392,761.86,76.186,1002
1453,2026-02-10,1451,1392,761.86,0,1002
1454,2026-02-10,1452,1320,1270.34,0,1009
1455,2026-02-10,1453,1175,507.63,0,1009
1456,2026-02-10,1442,1175,507.63,0,1009
1457,2026-02-10,1454,1175,507.63,0,1009
1458,2026-02-10,1455,1392,761.86,0,1009
1459,2026-02-10,1456,1391,761.86,0,1009
1460,2026-02-10,1457,1391,761.86,0,1009
1461,2026-02-10,1458,1113,253.39,0,1009
1462,2026-02-10,1459,1271,1694.07,0,1009
1463,2026-02-11,1460,1392,761.86,0,1009
1464,2026-02-11,1461,1392,761.86,0,1009
1465,2026-02-11,1462,1391,761.86,0,1009
1466,2026-02-11,1462,1391,761.86,0,1009
1467,2026-02-11,1463,1391,761.86,0,1009
1468,2026-02-11,1464,1391,761.86,0,1009
1469,2026-02-11,1465,1391,761.86,0,1002
1470,2026-02-11,1466,1392,761.86,0,1002
1471,2026-02-11,1467,1158,422.88,0,1002
1472,2026-02-11,1468,1392,761.86,76.186,1002
1473,2026-02-11,1468,1391,761.86,76.186,1002
1474,2026-02-11,1468,1391,761.86,76.186,1002
1475,2026-02-11,1469,1147,592.37,0,1009
1476,2026-02-11,1470,1392,761.86,0,1009
1477,2026-02-12,1471,1392,761.86,0,1009
1478,2026-02-12,1472,1392,761.86,0,1009
1479,2026-02-12,1473,1392,761.86,0,1009
1480,2026-02-12,1474,1225,592.37,0,1006
1481,2026-02-12,1475,1391,761.86,0,1006
1482,2026-02-13,1476,1391,761.86,0,1006
1483,2026-02-13,1477,1169,422.88,0,1006
1484,2026-02-13,1477,1168,422.88,0,1006
1485,2026-02-13,1478,1392,761.86,0,1006
1486,2026-02-13,1479,1392,761.86,0,1006
1487,2026-02-13,1480,1324,1270.34,0,1006
1488,2026-02-13,1480,1076,1694.07,169.407,1006
1489,2026-02-13,1481,1392,761.86,0,1002
1490,2026-02-13,1482,1171,422.88,0,1002
1491,2026-02-13,1483,1165,422.88,0,1002
1492,2026-02-13,1484,1165,422.88,0,1002
1493,2026-02-13,1485,1391,761.86,0,1006
1494,2026-02-13,1486,1235,761.86,0,1006
1495,2026-02-13,1487,1173,507.63,0,1006
1496,2026-02-13,1488,1247,846.61,0,1006
1497,2026-02-13,1489,1392,761.86,0,1009
1498,2026-02-13,1490,1392,761.86,0,1009
1499,2026-02-13,1491,1392,761.86,0,1009
1500,2026-02-13,1492,1391,761.86,76.186,1009
1501,2026-02-13,1493,1294,846.61,0,1009
1502,2026-02-14,1494,1169,422.88,0,1009
1503,2026-02-14,1494,1170,422.88,0,1009
1504,2026-02-14,1495,1121,253.39,0,1009
1505,2026-02-14,1496,1391,761.86,0,1009
1506,2026-02-14,1497,1391,761.86,0,1009
1507,2026-02-14,1498,1231,677.12,0,1009
1508,2026-02-14,1499,1121,253.39,0,1006
1509,2026-02-14,1500,1391,761.86,0,1006
1510,2026-02-14,1501,1391,761.86,0,1006
1511,2026-02-14,1502,1188,592.37,0,1006
1512,2026-02-14,1503,1179,592.37,0,1009
1513,2026-02-14,1504,1113,253.39,0,1009
1514,2026-02-15,1505,1391,761.86,0,1009
1515,2026-02-15,1506,1391,761.86,0,1009
1516,2026-02-15,1507,1113,253.39,0,1009
1517,2026-02-15,1508,1124,253.39,0,1009
1518,2026-02-15,1509,1225,592.37,0,1009
1519,2026-02-15,1510,1109,253.39,0,1009
1520,2026-02-15,1511,1392,761.86,76.186,1009
1521,2026-02-15,1512,1391,761.86,76.186,1009
1522,2026-02-15,1513,1392,761.86,0,1009
1523,2026-02-15,1514,1392,761.86,0,1009
1524,2026-02-15,1515,1392,761.86,0,1009
1525,2026-02-15,1516,1147,592.37,0,1009
1526,2026-02-15,1517,1147,592.37,0,1009
1527,2026-02-15,1518,1170,422.88,0,1009
1528,2026-02-15,1519,1158,422.88,0,1002
1529,2026-02-15,1520,1392,761.86,0,1006
1530,2026-02-15,1521,1333,1694.07,0,1006
1531,2026-02-15,1522,1391,761.86,0,1006
1532,2026-02-15,1523,1181,592.37,0,1006
1533,2026-02-15,1524,1140,422.88,0,1006
1534,2026-02-15,1525,1140,422.88,0,1006
1535,2026-02-15,1526,1135,338.14,0,1006
1536,2026-02-15,1527,1132,338.14,0,1006
1537,2026-02-15,1527,1132,338.14,0,1006
1538,2026-02-15,1528,1392,761.86,0,1006
1539,2026-02-15,1529,1391,761.86,0,1006
1540,2026-02-15,1530,1130,338.14,0,1006
1541,2026-02-16,1531,1024,931.36,0,1006
1542,2026-02-16,1532,1167,422.88,21.144,1006
1543,2026-02-16,1533,1392,761.86,0,1002
1544,2026-02-16,1534,1392,761.86,0,1002
1545,2026-02-16,1535,1392,761.86,0,1002
1546,2026-02-16,1536,1392,761.86,0,1002
1547,2026-02-16,1088,1312,1100.85,0,1002
1548,2026-02-16,1537,1392,761.86,0,1006
1549,2026-02-17,1538,1231,677.12,0,1006
1550,2026-02-17,1539,1391,761.86,0,1006
1551,2026-02-17,1540,1391,761.86,76.186,1006
1552,2026-02-17,1541,1130,338.14,0,1006
1553,2026-02-17,1542,1392,761.86,0,1006
1554,2026-02-17,1543,1392,761.86,0,1002
1555,2026-02-17,1544,1117,253.39,0,1006
1556,2026-02-17,1545,1084,2117.8,0,1006
1557,2026-02-17,1546,1118,253.39,0,1006
1558,2026-02-17,1547,1118,253.39,0,1006
1559,2026-02-17,1548,1392,761.86,76.186,1006
1560,2026-02-18,1549,1392,761.86,0,1006
1561,2026-02-18,1550,1391,761.86,76.186,1006
1562,2026-02-18,1551,1392,761.86,0,1002
1563,2026-02-18,1552,1178,507.63,0,1006
1564,2026-02-18,1553,1249,846.61,0,1006
1565,2026-02-18,1554,1135,338.14,0,1006
1566,2026-02-18,1555,1198,931.36,0,1006
1567,2026-02-19,1556,1391,761.86,0,1006
1568,2026-02-19,1557,1392,761.86,0,1009
1569,2026-02-19,1558,1391,761.86,76.186,1009
1570,2026-02-19,1559,1169,422.88,0,1002
1571,2026-02-19,1560,1391,761.86,0,1002
1572,2026-02-19,1561,1235,761.86,0,1002
1573,2026-02-19,1561,1235,761.86,0,1002
1574,2026-02-19,1562,1391,761.86,0,1002
1575,2026-02-19,1563,1392,761.86,0,1006
1576,2026-02-19,1564,1158,422.88,0,1006
1577,2026-02-19,1565,1169,422.88,0,1009
1578,2026-02-19,1566,1169,422.88,0,1009
1579,2026-02-19,1567,1165,422.88,0,1009
1580,2026-02-20,1568,1299,931.36,0,1009
1581,2026-02-20,1569,1293,846.61,0,1009
1582,2026-02-20,1570,1299,931.36,0,1009
1583,2026-02-20,1571,1161,422.88,0,1009
1584,2026-02-20,1572,1115,253.39,0,1002
1585,2026-02-20,1573,1391,761.86,0,1002
1586,2026-02-20,1574,1202,2541.53,0,1002
1587,2026-02-20,1575,1256,931.36,0,1002
1588,2026-02-20,1576,1319,1270.34,0,1006
1589,2026-02-20,1577,1319,1270.34,127.034,1006
1590,2026-02-20,1578,1190,592.37,0,1006
1591,2026-02-21,1579,1298,931.36,0,1006
1592,2026-02-21,1580,1124,253.39,0,1006
1593,2026-02-21,1581,1124,253.39,0,1006
1594,2026-02-21,1582,1392,761.86,0,1006
1595,2026-02-21,1583,1158,422.88,0,1006
1596,2026-02-21,1584,1256,931.36,93.136,1006
1597,2026-02-21,1585,1391,761.86,0,1006
1598,2026-02-21,1586,1392,761.86,0,1009
1599,2026-02-21,1587,1256,931.36,0,1009
1600,2026-02-21,1588,1126,338.14,0,1009
1601,2026-02-21,1589,1392,761.86,0,1009
1602,2026-02-21,1590,1183,592.37,0,1006
1603,2026-02-21,1591,1158,422.88,0,1006
1604,2026-02-21,1592,1307,1100.85,110.085,1006
1605,2026-02-21,1593,1121,253.39,0,1006
1606,2026-02-21,1594,1124,253.39,0,1006
1607,2026-02-21,1595,1191,677.12,0,1006
1608,2026-02-21,1596,1392,761.86,0,1006
1609,2026-02-22,1597,1391,761.86,0,1006
1610,2026-02-22,1598,1391,761.86,0,1006
1611,2026-02-22,1599,1391,761.86,0,1006
1612,2026-02-22,1600,1392,761.86,0,1006
1613,2026-02-22,1600,1392,761.86,0,1006
1614,2026-02-22,1601,1391,761.86,0,1006
1615,2026-02-22,1602,1391,761.86,0,1006
1616,2026-02-22,1603,1392,761.86,0,1006
1617,2026-02-22,1604,1294,846.61,0,1006
1618,2026-02-22,1605,1392,761.86,0,1006
1619,2026-02-22,1606,1391,761.86,0,1006
1620,2026-02-22,1607,1391,761.86,0,1006
1621,2026-02-22,1608,1148,592.37,0,1002
1622,2026-02-22,1609,1180,592.37,0,1006
1623,2026-02-22,1610,1124,253.39,0,1006
1624,2026-02-22,1611,1124,253.39,0,1006
1625,2026-02-22,1612,1124,253.39,0,1006
1626,2026-02-22,1613,1124,253.39,0,1006
1627,2026-02-22,1614,1124,253.39,0,1006
1628,2026-02-22,1614,1124,253.39,0,1006
1629,2026-02-22,1615,1124,253.39,0,1006
1630,2026-02-22,1615,1124,253.39,0,1006
1631,2026-02-22,1616,1391,761.86,0,1006
1632,2026-02-22,1617,1392,761.86,0,1006
1633,2026-02-23,1612,1124,253.39,0,1006
1634,2026-02-23,1613,1124,253.39,0,1006
1635,2026-02-23,1618,1237,761.86,0,1002
1636,2026-02-23,1619,1183,592.37,0,1002
1637,2026-02-23,1620,1294,846.61,0,1009
1638,2026-02-23,1621,1219,507.63,0,1009
1639,2026-02-23,1622,1008,507.63,0,1009
1640,2026-02-23,1623,1135,338.14,0,1009
1641,2026-02-23,1624,1140,422.88,0,1009
1642,2026-02-23,1625,1392,761.86,0,1009
1643,2026-02-24,1626,1231,677.12,0,1009
1644,2026-02-24,1627,1325,1270.34,127.034,1009
1645,2026-02-24,1628,1392,761.86,0,1009
1646,2026-02-24,1629,1391,761.86,76.186,1009
1647,2026-02-24,1630,1392,761.86,76.186,1009
1648,2026-02-24,1631,1392,761.86,76.186,1009
1649,2026-02-24,1632,1175,507.63,0,1009
1650,2026-02-24,1633,1392,761.86,76.186,1009
1651,2026-02-24,1634,1266,1270.34,0,1006
1652,2026-02-24,1635,1391,761.86,0,1006
1653,2026-02-24,1636,1392,761.86,0,1006
1654,2026-02-24,1637,1008,507.63,0,1003
1655,2026-02-25,1638,1169,422.88,0,1003
1656,2026-02-25,1639,1225,592.37,0,1003
1657,2026-02-25,1640,1392,761.86,76.186,1003
1658,2026-02-25,1641,1116,253.39,0,1003
1659,2026-02-25,1642,1116,253.39,0,1003
1660,2026-02-25,1643,1116,253.39,0,1003
1661,2026-02-25,1644,1074,1694.07,169.407,1003
1662,2026-02-25,1645,1306,1016.1,0,1009
1663,2026-02-25,1646,1317,1100.85,0,1009
1664,2026-02-25,1647,1392,761.86,0,1003
1665,2026-02-25,1648,1135,338.14,0,1006
1666,2026-02-25,1649,1286,846.61,84.661,1003
1667,2026-02-25,1650,1228,592.37,0,1003
1668,2026-02-25,1651,1008,507.63,0,1006
1669,2026-02-26,1652,1108,253.39,0,1006
1670,2026-02-26,1653,1392,761.86,0,1006
1671,2026-02-26,1654,1229,677.12,0,1009
1672,2026-02-26,1655,1229,677.12,0,1009
1673,2026-02-26,1656,1241,846.61,0,1002
1674,2026-02-26,1657,1008,507.63,0,1002
1675,2026-02-26,1658,1376,2033.05,406.61,1006
1676,2026-02-26,1659,1241,846.61,0,1003
1677,2026-02-26,1660,1225,592.37,0,1006
1678,2026-02-26,1661,1299,931.36,0,1003
1679,2026-02-27,1662,1392,761.86,0,1006
1680,2026-02-27,1663,1126,338.14,0,1003
1681,2026-02-27,1664,1391,761.86,0,1004
1682,2026-02-27,1665,1392,761.86,0,1004
1683,2026-02-27,1666,1391,761.86,0,1004
1684,2026-02-27,1667,1391,761.86,0,1004
1685,2026-02-27,1668,1391,761.86,0,1004
1686,2026-02-27,1669,1392,761.86,76.186,1004
1687,2026-02-27,1670,1392,761.86,0,1004
1688,2026-02-27,1671,1103,253.39,0,1004
1689,2026-02-27,1672,1391,761.86,0,1004
1690,2026-02-27,1673,1391,761.86,0,1002
1691,2026-02-27,1674,1370,1524.58,0,1002
1692,2026-02-27,1675,1197,931.36,0,1003
1693,2026-02-28,1676,1135,338.14,0,1003
1694,2026-02-28,1677,1135,338.14,0,1006
1695,2026-02-28,1678,1135,338.14,0,1006
1696,2026-02-28,1679,1135,338.14,0,1006
1697,2026-02-28,1680,1182,592.37,0,1003
1698,2026-02-28,1681,1391,761.86,0,1006
1699,2026-02-28,1682,1391,761.86,0,1003
1700,2026-02-28,1683,1121,253.39,0,1006
1701,2026-02-28,1683,1121,253.39,0,1006
1702,2026-02-28,1683,1121,253.39,0,1006
1703,2026-02-28,1683,1170,422.88,21.144,1006
1704,2026-02-28,1683,1170,422.88,21.144,1003
1705,2026-02-28,1683,1165,422.88,0,1006
1706,2026-02-28,1684,1294,846.61,0,1003
1707,2026-02-28,1685,1172,507.63,0,1006
1708,2026-02-28,1686,1172,507.63,0,1003
1709,2026-02-28,1687,1392,761.86,0,1003
1710,2026-02-28,1688,1392,761.86,76.186,1009
1711,2026-02-28,1688,1392,761.86,76.186,1009
1712,2026-02-28,1689,1392,761.86,76.186,1009
1713,2026-02-28,1690,1392,761.86,76.186,1009
1714,2026-02-28,1691,1255,931.36,0,1009
1715,2026-02-28,1692,1129,338.14,0,1009
1716,2026-02-28,1693,1391,761.86,0,1009
1717,2026-02-28,1151,1165,422.88,42.288,1009
1718,2026-02-28,1694,1008,507.63,0,1002
1719,2026-02-28,1695,1391,761.86,0,1006
1720,2026-02-28,1696,1391,761.86,76.186,1006
1721,2026-02-28,1697,1392,761.86,0,1006
1722,2026-02-28,1698,1392,761.86,0,1006
1723,2026-02-28,1699,1391,761.86,0,1006
1724,2026-02-28,1700,1392,761.86,0,1006
1725,2026-03-01,1701,1294,846.61,0,1006
1726,2026-03-01,1702,1294,846.61,0,1006
1727,2026-03-01,1703,1376,2033.05,406.61,1006
1728,2026-03-01,1704,1391,761.86,0,1006
1729,2026-03-01,1705,1391,761.86,0,1006
1730,2026-03-01,1706,1391,761.86,0,1006
1731,2026-03-01,1707,1392,761.86,0,1006
1732,2026-03-01,1708,1392,761.86,0,1006
1733,2026-03-01,1709,1392,761.86,0,1006
1734,2026-03-01,1710,1392,761.86,76.186,1006
1735,2026-03-01,1711,1391,761.86,0,1009
1736,2026-03-01,1712,1391,761.86,0,1009
1737,2026-03-01,1713,1392,761.86,0,1009
1738,2026-03-01,1714,1392,761.86,76.186,1009
1739,2026-03-01,1715,1391,761.86,76.186,1009
1740,2026-03-01,1716,1392,761.86,0,1009
1741,2026-03-01,1717,1392,761.86,76.186,1002
1742,2026-03-01,1718,1008,507.63,0,1002
1743,2026-03-01,1719,1008,507.63,0,1003
1744,2026-03-01,1720,1219,507.63,0,1003
1745,2026-03-01,1721,1392,761.86,0,1003
1746,2026-03-01,1722,1392,761.86,0,1003
1747,2026-03-01,1723,1391,761.86,0,1003
1748,2026-03-01,1724,1299,931.36,0,1003
1749,2026-03-02,1725,1055,1270.34,0,1003
1750,2026-03-02,1726,1392,761.86,0,1003
1751,2026-03-02,1727,1391,761.86,76.186,1003
1752,2026-03-02,1728,1391,761.86,76.186,1003
1753,2026-03-02,1729,1392,761.86,0,1003
1754,2026-03-02,1730,1392,761.86,0,1003
1755,2026-03-02,1731,1391,761.86,0,1009
1756,2026-03-02,1732,1219,507.63,0,1006
1757,2026-03-02,1733,1008,507.63,0,1006
1758,2026-03-02,1733,1008,507.63,50.763,1006
1759,2026-03-02,1734,1219,507.63,0,1002
1760,2026-03-03,1735,1219,507.63,0,1003
1761,2026-03-03,1736,1392,761.86,0,1002
1762,2026-03-03,1737,1391,761.86,0,1003
1763,2026-03-03,1738,1391,761.86,0,1002
1764,2026-03-03,1739,1392,761.86,0,1002
1765,2026-03-03,1740,1392,761.86,0,1003
1766,2026-03-03,1741,1392,761.86,0,1003
1767,2026-03-03,1742,1392,761.86,76.186,1002
1768,2026-03-03,1743,1392,761.86,76.186,1003
1769,2026-03-03,1744,1392,761.86,0,1002
1770,2026-03-03,1745,1008,507.63,0,1006
1771,2026-03-03,1746,1008,507.63,0,1006
1772,2026-03-03,1747,1315,1100.85,0,1006
1773,2026-03-03,1748,1392,761.86,0,1003
1774,2026-03-04,1749,1392,761.86,0,1002
1775,2026-03-04,1750,1391,761.86,0,1003
1776,2026-03-04,1751,1392,761.86,0,1002
1777,2026-03-04,1752,1391,761.86,0,1003
1778,2026-03-04,1753,1391,761.86,0,1002
1779,2026-03-04,1754,1391,761.86,0,1003
1780,2026-03-04,1755,1391,761.86,0,1002
1781,2026-03-04,1756,1391,761.86,0,1003
1782,2026-03-04,1757,1391,761.86,0,1009
1783,2026-03-04,1758,1260,931.36,0,1006
1784,2026-03-04,1759,1113,253.39,0,1006
1785,2026-03-04,1760,1392,761.86,76.186,1003
1786,2026-03-05,1761,1392,761.86,76.186,1003
1787,2026-03-05,1762,1392,761.86,76.186,1003
1788,2026-03-05,1763,1167,422.88,0,1003
1789,2026-03-05,1764,1392,761.86,76.186,1003
1790,2026-03-05,1765,1392,761.86,0,1003
1791,2026-03-05,1766,1392,761.86,0,1009
1792,2026-03-05,1400,1392,761.86,76.186,1009
1793,2026-03-05,1401,1392,761.86,76.186,1009
1794,2026-03-05,1767,1008,507.63,50.763,1006
1795,2026-03-05,1768,1391,761.86,0,1002
1796,2026-03-05,1769,1392,761.86,0,1003
1797,2026-03-05,1770,1391,761.86,0,1002
1798,2026-03-06,1771,1392,761.86,0,1002
1799,2026-03-06,1771,1294,846.61,0,1003
1800,2026-03-06,1772,1167,422.88,0,1003
1801,2026-03-06,1773,1392,761.86,76.186,1009
1802,2026-03-06,1774,1392,761.86,0,1005
1803,2026-03-06,1775,1257,931.36,0,1009
1804,2026-03-06,1776,1391,761.86,0,1006
1805,2026-03-06,1777,1219,507.63,0,1002
1806,2026-03-06,1778,1219,507.63,0,1003
1807,2026-03-06,1779,1219,507.63,0,1002
1808,2026-03-06,1780,1392,761.86,0,1003
1809,2026-03-07,1781,1392,761.86,0,1002
1810,2026-03-07,1782,1008,507.63,0,1006
1811,2026-03-07,1783,1008,507.63,0,1006
1812,2026-03-07,1784,1008,507.63,50.763,1006
1813,2026-03-07,1785,1008,507.63,0,1006
1814,2026-03-07,1786,1008,507.63,0,1002
1815,2026-03-08,1787,1294,846.61,0,1002
1816,2026-03-08,1788,1130,338.14,0,1003
1817,2026-03-08,1789,1165,422.88,0,1003
1818,2026-03-08,1790,1391,761.86,0,1002
1819,2026-03-08,1791,1392,761.86,0,1003
1820,2026-03-08,1792,1392,761.86,76.186,1002
1821,2026-03-08,1793,1008,507.63,0,1002
1822,2026-03-08,1794,1231,677.12,0,1002
1823,2026-03-08,1795,1231,677.12,0,1002
1824,2026-03-09,1796,1391,761.86,0,1002
1825,2026-03-09,1796,1392,761.86,0,1002
1826,2026-03-09,1797,1220,507.63,0,1002
1827,2026-03-09,1798,1165,422.88,0,1003
1828,2026-03-10,1799,1144,422.88,0,1009
1829,2026-03-10,1800,1392,761.86,0,1009
1830,2026-03-10,1801,1391,761.86,76.186,1002
1831,2026-03-10,1802,1392,761.86,76.186,1009
1832,2026-03-10,1803,1392,761.86,76.186,1009
1833,2026-03-10,1804,1392,761.86,76.186,1002
1834,2026-03-10,1805,1391,761.86,76.186,1002
1835,2026-03-10,1806,1391,761.86,76.186,1002
1836,2026-03-10,1807,1131,338.14,0,1003
1837,2026-03-10,1808,1131,338.14,0,1003
1838,2026-03-10,1809,1131,338.14,0,1003
1839,2026-03-10,1810,1008,507.63,0,1003
1840,2026-03-10,1811,1124,253.39,0,1003
1841,2026-03-10,1812,1315,1100.85,110.085,1002
1842,2026-03-10,1813,1392,761.86,0,1002
1843,2026-03-11,1814,1231,677.12,0,1002
1844,2026-03-11,1815,1392,761.86,0,1002
1845,2026-03-11,1816,1392,761.86,0,1002
1846,2026-03-11,1817,1391,761.86,0,1002
1847,2026-03-11,1818,1391,761.86,0,1002
1848,2026-03-11,1819,1392,761.86,0,1002
1849,2026-03-11,1820,1392,761.86,0,1002
1850,2026-03-11,1821,1392,761.86,0,1005
1851,2026-03-11,1822,1191,677.12,0,1005
1852,2026-03-11,1823,1191,677.12,0,1005
1853,2026-03-11,1824,1191,677.12,0,1005
1854,2026-03-11,1825,1392,761.86,0,1009
1855,2026-03-11,1826,1008,507.63,0,1009
1856,2026-03-11,1827,1008,507.63,0,1009
1857,2026-03-11,1828,1324,1270.34,0,1009
1858,2026-03-11,1829,1319,1270.34,0,1009
1859,2026-03-11,1830,1008,507.63,0,1002
1860,2026-03-11,1831,1391,761.86,0,1002
1861,2026-03-11,1832,1392,761.86,0,1002
1862,2026-03-11,1833,1392,761.86,0,1002
1863,2026-03-12,1834,1176,507.63,0,1002
1864,2026-03-12,1835,1392,761.86,0,1002
1865,2026-03-12,1836,1333,1694.07,0,1003
1866,2026-03-12,1837,1124,253.39,0,1006
1867,2026-03-12,1838,1008,507.63,0,1006
1868,2026-03-12,1839,1219,507.63,0,1009
1869,2026-03-12,1840,1100,4236.44,0,1002
1870,2026-03-13,1841,1391,761.86,0,1009
1871,2026-03-13,1842,1391,761.86,0,1002
1872,2026-03-13,1843,1391,761.86,0,1009
1873,2026-03-13,1844,1391,761.86,0,1009
1874,2026-03-13,1845,1391,761.86,0,1002
1875,2026-03-13,1846,1392,761.86,0,1002
1876,2026-03-13,1847,1392,761.86,76.186,1009
1877,2026-03-13,1848,1165,422.88,0,1002
1878,2026-03-13,1849,1391,761.86,0,1005
1879,2026-03-13,1850,1110,253.39,0,1003
1880,2026-03-13,1851,1163,422.88,0,1006
1881,2026-03-13,1852,1149,1270.34,0,1002
1882,2026-03-14,1853,1241,846.61,0,1009
1883,2026-03-14,1853,1294,846.61,0,1009
1884,2026-03-14,1854,1392,761.86,0,1002
1885,2026-03-14,1855,1242,846.61,0,1009
1886,2026-03-14,1856,1242,846.61,0,1002
1887,2026-03-14,1857,1242,846.61,0,1009
1888,2026-03-14,1858,1391,761.86,0,1005
1889,2026-03-14,1859,1391,761.86,0,1005
1890,2026-03-14,1860,1137,422.88,0,1006
1891,2026-03-14,1861,1294,846.61,0,1002
1892,2026-03-14,1862,1008,507.63,50.763,1002
1893,2026-03-14,1863,1106,253.39,0,1002
1894,2026-03-14,1071,1106,253.3,9,1004