prod_id,addOnId,data_limit,simMode,fupLimit,operatorId,additional_note,amount,productName,postFupSpeed,validity,coverageDestinations,allocatedDestinations
1001,eSim-PB-SG-VA-1-5-16,0,2,1.0,105,,507.63,"eSIM - Singapore, Malaysia - 1 GB/Day For 5 Days",128.0,5,"SGP,MYS","SGP,MYS,SGMY"
1002,#pS-PB-HK-VA-1-1-2_,0,1,1.0,105,,507.63,"Plastic SIM - HongKong, Macau - 1 GB/Day For 7 Days",128.0,7,"HKG,MAC","HKMC,HKG,MAC"
1003,eSim-PB-HK-VA-1-7-3,0,2,1.0,105,,507.63,"eSIM - HongKong, Macau - 1 GB/Day For 7 Days",128.0,7,"HKG,MAC","HKMC,HKG,MAC"
1004,eSim-PB-JP-VA-1-7-3,0,2,1.0,105,,507.63,eSIM - Japan - 1 GB/Day For 7 Days,128.0,7,JPN,JPN
1005,#pS-PB-SG-VA-500M-1-3_,0,1,0.5,105,,507.63,"Plastic SIM - Singapore, Malaysia - 0.5 GB/Day For 7 Days",128.0,7,"MYS,SGP","SGMY,MYS,SGP"
1006,eSim-PB-SG-VA-1-7-16,0,2,1.0,105,,507.63,"eSIM - Singapore, Malaysia - 1 GB/Day For 7 Days",128.0,7,"SGP,MYS","SGP,MYS,SGMY"
1007,#pS-PB-TR-VA-1-1-1_,0,1,1.0,105,,507.63,Plastic SIM - Turkey - 1 GB/Day For 7 Days,128.0,7,TUR,TUR
1008,eSim-PB-VN-VA-5-20-1,0,2,5.0,105,Free Incoming Calls & SMS Reception,507.63,eSIM - Vietnam - 5 GB/Day For 20 Days,,20,VNM,VNM
1009,eSim-PB-HK-VA-2-5-2,0,2,2.0,105,,592.37,"HongKong, Macau 2GB/Day -5 Days",128.0,5,"HKG, MAC",HKG
1010,eSim-PB-JP-VA-2-5-2,0,2,2.0,105,,677.12,eSIM - Japan - 2 GB/Day For 5 Days,128.0,5,JPN,JPN
1011,eSim-PB-SG-VA-2-5-6,0,2,2.0,105,,677.12,"eSIM - Singapore, Malaysia - 2 GB/Day For 5 Days",128.0,5,"SGP,MYS","SGP,MYS,SGMY"
1012,#pS-PB-SE-VA-1-1-2_,0,1,1.0,105,,677.12,Plastic SIM - Europe[8] - 1 GB/Day For 7 Days,128.0,7,"AUT,DNK,FRA,GBR,IRL,ISR,ITA,SWE","AUT,DNK,FRA,GBR,IRL,ISR,ITA,SWE"
1013,#pS-PB-UZ-VA-500M-1_,0,1,0.5,105,,677.12,Plastic SIM - Europe[+] - 0.5 GB/Day For 7 Days,128.0,7,"ALB,IRL,EST,AUT,BGR,BEL,ISL,POL,DNK,DEU,FRA,FIN,KAZ,NLD,MNE,CZE,HRV,LVA,LTU,LIE,LUX,ROU,MLT,USA,MDA,NOR,PRT,SWE,CHE,CYP,SVK,SVN,TUR,UKR,ESP,GRC,HUN,ISR,ITA,GBR,KGZ,UZB,PAK,NZL,SRB","EUR,ALB,EST,BGR,BEL,POL,DEU,FIN,KAZ,NLD,MNE,CZE,HRV,LVA,LTU,LIE,LUX,ROU,MLT,MDA,NOR,PRT,CHE,CYP,SVK,SVN,UKR,ESP,GRC,HUN,KGZ,UZB,SRB"
1014,eSim-PB-SG-VA-1-7-15,0,2,1.0,105,,677.12,"eSIM - Singapore, Malaysia, Indonesia, Thailand - 1 GB/Day For 7 Days",128.0,7,"SGP,IDN,MYS,THA","THA,IDN,SMIT"
1015,eSim-PB-SG-VA-2-5-5,0,2,2.0,105,,761.86,SMIT 2GB/Day -5 Days,128.0,5,"SGP, MYS, IDN, THA",IDN
1016,#pS-PB-HK-VA-2-1-1_,0,1,2.0,105,,761.86,"Plastic SIM - HongKong, Macau - 2 GB/Day For 7 Days",128.0,7,"HKG,MAC","HKMC,HKG,MAC"
1017,eSim-PB-HK-VA-2-7-2,0,2,2.0,105,,761.86,"eSIM - HongKong, Macau - 2 GB/Day For 7 Days",128.0,7,"HKG,MAC","HKMC,HKG,MAC"
1018,eSim-PB-GB-VA-1-10,0,2,1.0,105,,761.86,eSIM - Europe (8) - 1 GB/Day For 10 Days,128.0,10,"AUT,DNK,FRA,GBR,IRL,ISR,ITA,SWE","AUT,DNK,FRA,GBR,IRL,ISR,ITA,SWE"
1019,eSim-PB-JP-VA-1-10-3,0,2,1.0,105,,761.86,eSIM - Japan - 1 GB/Day For 10 Days,128.0,10,JPN,JPN
1020,eSim-PB-SG-VA-1-10-16,0,2,1.0,105,,761.86,"eSIM - Singapore, Malaysia - 1 GB/Day For 10 Days",128.0,10,"SGP,MYS","SGP,MYS,SGMY"
1021,#pS-PB-SG-VA-1-1-4_,0,1,1.0,105,,761.86,"Plastic SIM - Singapore, Malaysia, Thailand, Indonesia - 1 GB/Day For 1 Days",128.0,10,"IDN,MYS,SGP,THA","SMIT,IDN,THA"
1022,eSim-PB-KRW-VA-1-15-1,0,2,1.0,105,,761.86,eSIM - South Korea - 1 GB/Day For 15 Days,128.0,15,KOR,KOR
1023,pS-VNM-VM-100-20,0,1,5.0,105,SIM: Vietnam Local,761.86,Plastic SIM - Vietnamobile - 5 GB/Day For 20 Days,,20,VNM,VNM
1024,AUS_1002202510013065,0,2,2.0,105,,931.36,Australia - Unlimited Data for 5 Days,512.0,5,AUS,AUS
1025,eSim-PB-BD-VA-2-5,0,2,2.0,105,,931.36,eSIM - Bangladesh - 2 GB/Day For 5 Days,128.0,5,BGD,BGD
1026,CHE_1002202510014686,0,2,2.0,105,,931.36,Switzerland - Unlimited Data for 5 Days,512.0,5,CHE,CHE
1027,eSim-PB-JP-VA-2-7-2,0,2,2.0,105,,931.36,eSIM - Japan - 2 GB/Day For 7 Days,128.0,7,JPN,JPN
1028,eSim-PB-SG-VA-2-7-6,0,2,2.0,105,,931.36,"eSIM - Singapore, Malaysia - 2 GB/Day For 7 Days",128.0,7,"SGP,MYS","SGP,MYS,SGMY"
1029,eSim-PB-HK-VA-2-10-2,0,2,2.0,105,,931.36,"HongKong, Macau 2GB/Day -10 Days",128.0,10,"HKG, MAC",HKG
1030,eSim-PB-SG-VA-1-10-15,0,2,1.0,105,,931.36,"eSIM - Singapore, Malaysia, Indonesia, Thailand - 1 GB/Day For 10 Days",128.0,10,"SGP,IDN,MYS,THA","THA,IDN,SMIT"
1031,eSim-PB-US-VA-1-10-5,0,2,1.0,105,,931.36,eSIM - United States of America - 1 GB/Day For 10 Days,128.0,10,USA,USA
1032,#pS-PB-VN-VA-5-1_,0,1,5.0,105,,931.36,Plastic SIM - Vietnam - 5 GB/Day For 1 Days,,10,VNM,VNM
1033,#pS-PB-AE-VA-1-1-1_,0,1,1.0,105,,1016.1,Plastic SIM - UAE - 1 GB/Day For 7 Days,128.0,7,ARE,ARE
1034,eSim-PB-AE-VA-1-7-1,0,2,1.0,105,,1016.1,eSIM - United Arab Emirates - 1 GB/Day For 7 Days,128.0,7,ARE,ARE
1035,eSim-PB-GB-VA-2-7,0,2,2.0,105,,1016.1,eSIM - Europe (8) - 2 GB/Day For 7 Days,128.0,7,"AUT,DNK,FRA,GBR,IRL,ISR,ITA,SWE","EUR,AUT,DNK,FRA,GBR,IRL,ISR,ITA,SWE"
1036,#pS-PB-HK-VA-3-1-1_,0,1,3.0,105,,1016.1,"Plastic SIM - HongKong, Macau - 3 GB/Day For 7 Days",128.0,7,"HKG,MAC","HKMC,HKG,MAC"
1037,eSim-PB-LK-VA-1-7-1,0,2,1.0,105,,1016.1,eSIM - Sri Lanka - 1 GB/Day For 7 Days,128.0,7,LKA,LKA
1038,eSim-PB-SG-VA-2-7-5,0,2,2.0,105,,1016.1,"eSIM - Singapore, Malaysia, Indonesia, Thailand - 2 GB/Day For 7 Days",128.0,7,"SGP,IDN,MYS,THA","THA,IDN,SMIT"
1039,eSim-PB-CN-VA-2-10-2,0,2,2.0,105,,1016.1,"eSIM - China, HongKong, Macau - 2 GB/Day For 10 Days",128.0,10,"CHN,HKG,MAC","GCHN,CHN"
1040,#pS-PB-AU-VA-1-1-3_,0,1,1.0,105,,1016.1,"Plastic SIM - Australia, New Zealand - 1 GB/Day For 1 Days",128.0,10,"AUS,NZL","OCEN,AUS,NZL"
1041,#pS-PB-SG-VA-2-1-3_,0,1,2.0,105,,1016.1,"Plastic SIM - Singapore, Malaysia - 2 GB/Day For 1 Days",128.0,10,"MYS,SGP","SGMY,MYS,SGP"
1042,eSim-PB-GB-VA-1-15,0,2,1.0,105,,1016.1,eSIM - Europe (8) - 1 GB/Day For 15 Days,128.0,15,"AUT,DNK,FRA,GBR,IRL,ISR,ITA,SWE","EUR,AUT,DNK,FRA,GBR,IRL,ISR,ITA,SWE"
1043,eSim-PB-JP-VA-1-15-3,0,2,1.0,105,,1016.1,eSIM - Japan - 1 GB/Day For 15 Days,128.0,15,JPN,JPN
1044,#pS-PB-SG-VA-1-1-6_,0,1,1.0,105,,1016.1,"Plastic SIM - Singapore, Malaysia - 1 GB/Day For 7 Days",128.0,15,"MYS,SGP","SGMY,MYS,SGP"
1045,eSim-PB-US-VA-1-15-5,0,2,1.0,105,,1016.1,eSIM - United States of America - 1 GB/Day For 15 Days,128.0,15,USA,USA
1046,esim_unlimited_5days_europe_v2_1002202509595285,0,2,2.0,105,,1100.85,Europe - Unlimited Data for 5 Days,512.0,5,"AUT, BEL, BGR, CHE, CYP, CZE, DEU, DNK, EST, ESP, FIN, FRA, GBR, GRC, HRV, HUN, IRL, ISL, ITA, LIE, LTU, LUX, LVA, MLT, NLD, NOR, POL, PRT, ROU, SWE, SVN, SVK, TUR",EUR
1047,GBR_1002202510085217,0,2,2.0,105,,1100.85,United Kingdom - Unlimited Data for 7 Days,512.0,7,GBR,GBR
1048,eSim-PB-HR-VA-2-7,0,2,2.0,105,,1100.85,eSIM - Europe (34) - 2 GB/Day For 7 Days,128.0,7,"HRV,SVN,CYP,IRL,LIE,MLT,DNK,ITA,SWE,AUT,BEL,BGR,CZE,EST,FIN,FRA,GLP,GUF,DEU,GIB,GRC,HUN,ISL,LVA,LTU,LUX,NLD,NOR,POL,PRT,REU,ROU,SVK,ESP,GBR","GIB,GLP,GUF,LIE,NLD,REU"
1049,eSim-PB-JP-VA-2-10-2,0,2,2.0,105,,1100.85,eSIM - Japan - 2 GB/Day For 10 Days,128.0,10,JPN,JPN
1050,eSim-PB-SG-VA-2-10-6,0,2,2.0,105,,1100.85,"eSIM - Singapore, Malaysia - 2 GB/Day For 10 Days",128.0,10,"SGP,MYS","SGP,MYS,SGMY"
1051,eSim-PB-AT-VA-1-15,0,2,1.0,105,,1100.85,eSIM - Europe (31) - 1 GB/Day For 15 Days,128.0,15,"AUT,BEL,BGR,HRV,CYP,CZE,DNK,EST,FIN,FRA,DEU,GRC,HUN,ISL,IRL,ITA,LVA,LTU,LUX,MLT,NOR,POL,PRT,ROU,SVK,SVN,ESP,SWE,GBR,CHE,TUR","EUR,AUT,BEL,BGR,HRV,CYP,CZE,DNK,EST,FIN,FRA,DEU,GRC,HUN,ISL,IRL,ITA,LVA,LTU,LUX,MLT,NOR,POL,PRT,ROU,SVK,SVN,ESP,SWE,GBR,CHE,TUR"
1052,eSim-PB-SG-VA-1-15-15,0,2,1.0,105,,1100.85,"eSIM - Singapore, Malaysia, Indonesia, Thailand - 1 GB/Day For 15 Days",128.0,15,"SGP,IDN,MYS,THA","THA,IDN,SMIT"
1053,#pS-PB-RE-VA-1-1_,0,1,1.0,105,,1270.34,Plastic SIM - Africa[6] - 1 GB/Day For 7 Days,128.0,7,"DZA,EGY,GHA,REU,TUN,ZAF","AFR,DZA,EGY,GHA,REU,TUN,ZAF"
1054,AUS_1002202510081735,0,2,2.0,105,,1270.34,Australia - Unlimited Data for 7 Days,512.0,7,AUS,AUS
1055,DEU_1002202510084211,0,2,2.0,105,,1270.34,Germany - Unlimited Data for 7 Days,512.0,7,DEU,DEU
1056,esim_unlimited_7days_europe_v2_1002202510095391,0,2,2.0,105,,1270.34,Europe - Unlimited Data for 7 Days,512.0,7,"AUT, BEL, BGR, CHE, CYP, CZE, DEU, DNK, EST, ESP, FIN, FRA, GBR, GRC, HRV, HUN, IRL, ISL, ITA, LIE, LTU, LUX, LVA, MLT, NLD, NOR, POL, PRT, ROU, SWE, SVN, SVK, TUR",EUR
1057,#pS-PB-JP-VA-2-1-1_,0,1,2.0,105,,1270.34,Plastic SIM - Japan - 2 GB/Day For 1 Days,128.0,10,JPN,JPN
1058,#pS-PB-JP-VA-1-1-1_,0,1,1.0,105,,1270.34,Plastic SIM - Japan - 1 GB/Day For 7 Days,128.0,15,JPN,JPN
1059,eSim-PB-JP-VA-1-20-3,0,2,1.0,105,,1270.34,eSIM - Japan - 1 GB/Day For 20 Days,128.0,20,JPN,JPN
1060,eSim-PB-AE-VA-1-10-1,0,2,1.0,105,,1355.08,eSIM - United Arab Emirates - 1 GB/Day For 10 Days,128.0,10,ARE,ARE
1061,eSim-PB-LK-VA-1-10-1,0,2,1.0,105,,1355.08,eSIM - Sri Lanka - 1 GB/Day For 10 Days,128.0,10,LKA,LKA
1062,eSim-PB-AU-VA-2-10-3,0,2,2.0,105,,1355.08,"eSIM - Australia, New Zealand - 2 GB/Day For 10 Days",128.0,10,"AUS,NZL","OCEN,AUS,NZL"
1063,#pS-PB-SG-VA-3-1-3_,0,1,3.0,105,,1355.08,"Plastic SIM - Singapore, Malaysia - 3 GB/Day For 1 Days",128.0,10,"MYS,SGP","SGMY,MYS,SGP"
1064,eSim-PB-SG-VA-2-10-5,0,2,2.0,105,,1355.08,"eSIM - Singapore, Malaysia, Indonesia, Thailand - 2 GB/Day For 10 Days",128.0,10,"SGP,IDN,MYS,THA","THA,IDN,SMIT"
1065,#pS-PB-UZ-VA-1-1-1_,0,1,1.0,105,,1355.08,Plastic SIM - Europe[+] - 1 GB/Day For 7 Days,128.0,15,"ALB,IRL,EST,AUT,BGR,BEL,ISL,POL,DNK,DEU,FRA,FIN,KAZ,NLD,MNE,CZE,HRV,LVA,LTU,LIE,LUX,ROU,MLT,USA,MDA,NOR,PRT,SWE,CHE,CYP,SVK,SVN,TUR,UKR,ESP,GRC,HUN,ISR,ITA,GBR,KGZ,UZB,PAK,NZL,SRB","EUR,ALB,EST,BGR,BEL,POL,DEU,FIN,KAZ,NLD,MNE,CZE,HRV,LVA,LTU,LIE,LUX,ROU,MLT,MDA,NOR,PRT,CHE,CYP,SVK,SVN,UKR,ESP,GRC,HUN,KGZ,UZB,SRB"
1066,eSim-PB-US-VA-1-20-5,0,2,1.0,105,,1355.08,eSIM - United States of America - 1 GB/Day For 20 Days,128.0,20,USA,USA
1067,eSim-PB-LK-VA-2-7,0,2,2.0,105,,1439.83,eSIM - Sri Lanka - 2 GB/Day For 7 Days,128.0,7,LKA,LKA
1068,GBR_1002202510223911,0,2,2.0,105,,1439.83,United Kingdom - Unlimited Data for 10 Days,512.0,10,GBR,GBR
1069,#pS-PB-OM-VA-1-1-1_,0,1,1.0,105,,1439.83,Plastic SIM - Oman - 1 GB/Day For 1 Days,128.0,10,OMN,OMN
1070,eSim-PB-SG-VA-2-15-5,0,2,2.0,105,,1439.83,SMIT 2GB/Day -15 Days,128.0,15,"SGP, MYS, IDN, THA",IDN
1071,eSim-PB-AT-VA-1-20,0,2,1.0,105,,1439.83,eSIM - Europe (31) - 1 GB/Day For 20 Days,128.0,20,"AUT,BEL,BGR,HRV,CYP,CZE,DNK,EST,FIN,FRA,DEU,GRC,HUN,ISL,IRL,ITA,LVA,LTU,LUX,MLT,NOR,POL,PRT,ROU,SVK,SVN,ESP,SWE,GBR,CHE,TUR","EUR,AUT,BEL,BGR,HRV,CYP,CZE,DNK,EST,FIN,FRA,DEU,GRC,HUN,ISL,IRL,ITA,LVA,LTU,LUX,MLT,NOR,POL,PRT,ROU,SVK,SVN,ESP,SWE,GBR,CHE,TUR"
1072,eSim-PB-GB-VA-2-15,0,2,2.0,105,,1524.58,eSIM - Europe (8) - 2 GB/Day For 15 Days,128.0,15,"AUT,DNK,FRA,GBR,IRL,ISR,ITA,SWE","EUR,AUT,DNK,FRA,GBR,IRL,ISR,ITA,SWE"
1073,eSim-PB-JP-VA-2-15-2,0,2,2.0,105,,1524.58,eSIM - Japan - 2 GB/Day For 15 Days,128.0,15,JPN,JPN
1074,ARE_1002202510012485,0,2,2.0,105,,1694.07,United Arab Emirates - Unlimited Data for 5 Days,512.0,5,ARE,ARE
1075,eSim-PB-AL-VA-2-7-2,0,2,2.0,105,,1694.07,eSIM - Global (61) - 2 GB/Day For 7 Days,128.0,7,"ALB,IRL,EST,AUT,BGR,BEL,ISL,POL,DNK,DEU,FRA,FIN,KAZ,NLD,MNE,CZE,HRV,LVA,LTU,LIE,LUX,ROU,MLT,USA,MDA,NOR,PRT,SWE,CHE,CYP,SVK,SVN,TUR,UKR,ESP,GRC,HUN,ISR,ITA,GBR,KGZ,UZB,PAK,NZL,TUN,KWT,ARM,BLR,LKA,IND,GEO,FRO,DZA,AUS,MKD,SRB,REU,AZE,QAT,AND,XKX,BHR,RUS,BIH,GHA","AZE,BHR,BIH,DZA,XKX,AND,ARM,BLR"
1076,esim_unlimited_10days_europe_v2_1002202510192322,0,2,2.0,105,,1694.07,Europe - Unlimited Data for 10 Days,512.0,10,"AUT, BEL, BGR, CHE, CYP, CZE, DEU, DNK, EST, ESP, FIN, FRA, GBR, GRC, HRV, HUN, IRL, ISL, ITA, LIE, LTU, LUX, LVA, MLT, NLD, NOR, POL, PRT, ROU, SWE, SVN, SVK, TUR",EUR
1077,eSim-PB-AT-VA-2-15,0,2,2.0,105,,1694.07,eSIM - Europe (31) - 2 GB/Day For 15 Days,128.0,15,"AUT,BEL,BGR,HRV,CYP,CZE,DNK,EST,FIN,FRA,DEU,GRC,HUN,ISL,IRL,ITA,LVA,LTU,LUX,MLT,NOR,POL,PRT,ROU,SVK,SVN,ESP,SWE,GBR,CHE,TUR","EUR,AUT,BEL,BGR,HRV,CYP,CZE,DNK,EST,FIN,FRA,DEU,GRC,HUN,ISL,IRL,ITA,LVA,LTU,LUX,MLT,NOR,POL,PRT,ROU,SVK,SVN,ESP,SWE,GBR,CHE,TUR"
1078,eSim-PB-JP-VA-2-20-2,0,2,2.0,105,,1863.56,eSIM - Japan - 2 GB/Day For 20 Days,128.0,20,JPN,JPN
1079,eSim-PB-AT-VA-1-30,0,2,1.0,105,,1863.56,eSIM - Europe (31) - 1 GB/Day For 30 Days,128.0,30,"AUT,BEL,BGR,HRV,CYP,CZE,DNK,EST,FIN,FRA,DEU,GRC,HUN,ISL,IRL,ITA,LVA,LTU,LUX,MLT,NOR,POL,PRT,ROU,SVK,SVN,ESP,SWE,GBR,CHE,TUR","EUR,AUT,BEL,BGR,HRV,CYP,CZE,DNK,EST,FIN,FRA,DEU,GRC,HUN,ISL,IRL,ITA,LVA,LTU,LUX,MLT,NOR,POL,PRT,ROU,SVK,SVN,ESP,SWE,GBR,CHE,TUR"
1080,#pS-PB-AE-VA-2-1_,0,1,2.0,105,,1948.31,Plastic SIM - UAE - 2 GB/Day For 1 Days,128.0,10,ARE,ARE
1081,#pS-PB-SE-VA-3-1-2_,0,1,3.0,105,,1948.31,Plastic SIM - Europe[8] - 3 GB/Day For 7 Days,128.0,15,"AUT,DNK,FRA,GBR,IRL,ISR,ITA,SWE","AUT,DNK,FRA,GBR,IRL,ISR,ITA,SWE"
1082,eSim-PB-AT-VA-3-15,0,2,3.0,105,,2033.05,eSIM - Europe (31) - 3 GB/Day For 15 Days,128.0,15,"AUT,BEL,BGR,HRV,CYP,CZE,DNK,EST,FIN,FRA,DEU,GRC,HUN,ISL,IRL,ITA,LVA,LTU,LUX,MLT,NOR,POL,PRT,ROU,SVK,SVN,ESP,SWE,GBR,CHE,TUR","EUR,AUT,BEL,BGR,HRV,CYP,CZE,DNK,EST,FIN,FRA,DEU,GRC,HUN,ISL,IRL,ITA,LVA,LTU,LUX,MLT,NOR,POL,PRT,ROU,SVK,SVN,ESP,SWE,CHE,TUR"
1083,eSim-PB-AT-VA-2-20,0,2,2.0,105,,2033.05,eSIM - Europe (31) - 2 GB/Day For 20 Days,128.0,20,"AUT,BEL,BGR,HRV,CYP,CZE,DNK,EST,FIN,FRA,DEU,GRC,HUN,ISL,IRL,ITA,LVA,LTU,LUX,MLT,NOR,POL,PRT,ROU,SVK,SVN,ESP,SWE,GBR,CHE,TUR","EUR,AUT,BEL,BGR,HRV,CYP,CZE,DNK,EST,FIN,FRA,DEU,GRC,HUN,ISL,IRL,ITA,LVA,LTU,LUX,MLT,NOR,POL,PRT,ROU,SVK,SVN,ESP,SWE,GBR,CHE,TUR"
1084,esim_unlimited_5days_asia_v2_1002202509595014,0,2,2.0,105,,2117.8,Singapore - Unlimited Data for 5 Days,512.0,5,SGP,SGP
1085,ARE_1002202510081228,0,2,2.0,105,,2117.8,United Arab Emirates - Unlimited Data for 7 Days,512.0,7,ARE,ARE
1086,GBR_1002202510292235,0,2,2.0,105,,2117.8,United Kingdom - Unlimited Data for 15 Days,512.0,15,GBR,GBR
1087,#pS-PB-US-VA-1-1-2_,0,1,1.0,105,,2202.54,"Plastic SIM - USA, Canada, Mexico - 1 GB/Day For 7 Days",128.0,15,"CAN,MEX,USA","USCM,CAN,MEX,USA"
1088,esim_unlimited_15days_europe_v2_1002202510281411,0,2,2.0,105,,2287.29,Europe - Unlimited Data for 15 Days,512.0,15,"AUT, BEL, BGR, CHE, CYP, CZE, DEU, DNK, EST, ESP, FIN, FRA, GBR, GRC, HRV, HUN, IRL, ISL, ITA, LIE, LTU, LUX, LVA, MLT, NLD, NOR, POL, PRT, ROU, SWE, SVN, SVK, TUR",EUR
1089,#pS-PB-SE-VA-2-1-2_,0,1,2.0,105,,2372.03,Plastic SIM - Europe[8] - 2 GB/Day For 1 Days,128.0,30,"AUT,DNK,FRA,GBR,IRL,ISR,ITA,SWE","AUT,DNK,FRA,GBR,IRL,ISR,ITA,SWE"
1090,#pS-PB-SA-VA-500M-1_,0,1,0.5,105,,2456.78,Plastic SIM - Saudi Arabia - 0.5 GB/Day For 1 Days,128.0,30,SAU,SAU
1091,DEU_1002202510291221,0,2,2.0,105,,2541.53,Germany - Unlimited Data for 15 Days,512.0,15,DEU,DEU
1092,eSim-PB-US-VA-2-30-2,0,2,2.0,105,,2541.53,eSIM - United States of America - 2 GB/Day For 30 Days,128.0,30,USA,USA
1093,esim_unlimited_7days_asia_v2_1002202510095081,0,2,2.0,105,,2795.76,Sri Lanka - Unlimited Data for 7 Days,512.0,7,LKA,LKA
1094,eSim-PB-AE-VA-1-30-1,0,2,1.0,105,,2795.76,eSIM - United Arab Emirates - 1 GB/Day For 30 Days,128.0,30,ARE,ARE
1095,eSim-PB-SG-VA-2-30-5,0,2,2.0,105,,2880.51,SMIT 2GB/Day -30 Days,128.0,30,"SGP, MYS, IDN, THA",IDN
1096,eSim-PB-SA-VA-1-30-1,0,2,1.0,105,,2880.51,eSIM - Saudi Arabia - 1 GB/Day For 30 Days,128.0,30,SAU,SAU
1097,ARE_1002202510215991,0,2,2.0,105,,2965.25,United Arab Emirates - Unlimited Data for 10 Days,512.0,10,ARE,ARE
1098,SAU_1002202510282220,0,2,2.0,105,,2965.25,Saudi Arabia - Unlimited Data for 15 Days,512.0,15,SAU,SAU
1099,esim_unlimited_10days_asia_v2_1002202510192068,0,2,2.0,105,,3388.98,Thailand - Unlimited Data for 10 Days,512.0,10,THA,THA
1100,esim_unlimited_30days_europe_v2_1002202510390594,0,2,2.0,105,,4236.44,Europe - Unlimited Data for 30 Days,512.0,30,"AUT, BEL, BGR, CHE, CYP, CZE, DEU, DNK, EST, ESP, FIN, FRA, GBR, GRC, HRV, HUN, IRL, ISL, ITA, LIE, LTU, LUX, LVA, MLT, NLD, NOR, POL, PRT, ROU, SWE, SVN, SVK, TUR",EUR
1101,AUS_1002202509373956,1,2,,105,,253.39,Australia - 1 GB for 7 Days,,7,AUS,AUS
1102,AUT_1002202509373829,1,2,,105,,253.39,Austria - 1 GB for 7 Days,,7,AUT,AUT
1103,CHE_0313202512400181,1,2,,105,,253.39,Switzerland - 1 GB for 7 Days,,7,CHE,CHE
1104,CZE_1002202509363546,1,2,,105,,253.39,Czech Republic - 1 GB for 7 Days,,7,CZE,CZE
1105,DEU_1002202509363690,1,2,,105,,253.39,Germany - 1 GB for 7 Days,,7,DEU,DEU
1106,ESP_1002202509364176,1,2,,105,,253.39,Spain - 1 GB for 7 Days,,7,ESP,ESP
1107,08232023231000_01032_5,1,2,,105,,253.39,Europe - 1 GB for 7 Days,,7,"ALB, AUT, BEL, BGR, HRV, CYP, CZE, DNK, EST, FRO, FIN, FRA, DEU, HUN, ISL, IRL, ITA, LVA, LIE, LTU, LUX, MLT, NLD, NOR, POL, PRT, ROU, SVN, ESP, SWE, TUR, GBR",EUR
1108,FIN_1002202509364242,1,2,,105,,253.39,Finland - 1 GB for 7 Days,,7,FIN,FIN
1109,FRA_1002202509364410,1,2,,105,,253.39,France - 1 GB for 7 Days,,7,FRA,FRA
1110,GBR_1002202509364558,1,2,,105,,253.39,United Kingdom - 1 GB for 7 Days,,7,GBR,GBR
1111,GRC_1002202509365297,1,2,,105,,253.39,Greece - 1 GB for 7 Days,,7,GRC,GRC
1112,hongkong-1g7days_0611202506452497,1,2,,105,,253.39,Hong Kong - 1 GB for 7 Days,,7,HKG,HKG
1113,IDN_0213202516000820,1,2,,105,,253.39,Indonesia - 1 GB for 7 Days,,7,IDN,IDN
1114,ITA_1002202509370304,1,2,,105,,253.39,Italy - 1 GB for 7 Days,,7,ITA,ITA
1115,kuwait-1g7days_0717202507150206,1,2,,105,,253.39,Kuwait - 1 GB for 7 Days,,7,KWT,KWT
1116,LKA_0213202516001245,1,2,,105,,253.39,Sri Lanka - 1 GB for 7 Days,,7,LKA,LKA
1117,NLD_1002202509373263,1,2,,105,,253.39,Netherlands - 1 GB for 7 Days,,7,NLD,NLD
1118,NOR_1002202509342537,1,2,,105,,253.39,Norway - 1 GB for 7 Days,,7,NOR,NOR
1119,NZL_1002202509342628,1,2,,105,,253.39,New Zealand - 1 GB for 7 Days,,7,NZL,NZL
1120,QAT_0502202514200927,1,2,,105,,253.39,Qatar - 1 GB for 7 Days,,7,QAT,QAT
1121,THA_0410202507150858,1,2,,105,,253.39,Thailand - 1 GB for 7 Days,,7,THA,THA
1122,TUR_0110202517200002,1,2,,105,,253.39,Turkey - 1 GB for 7 Days,,7,TUR,TUR
1123,20251110T100012397319_ddbf4314-e0c6-4942-8389-f9916fe1859e,1,2,,105,,253.39,United States of America - 1 GB for 7 Days,,7,USA,USA
1124,VNM_1002202509350529,1,2,,105,,253.39,Vietnam - 1 GB for 7 Days,,7,VNM,VNM
1125,esim_1gb_7days_northamerica_v2_1002202509344104,1,2,,105,,338.14,America - 1 GB for 7 Days,,7,"CAN, MEX, USA",AMR
1126,ARE_1002202509373458,1,2,,105,,338.14,United Arab Emirates - 1 GB for 7 Days,,7,ARE,ARE
1127,BGD_1002202509374302,1,2,,105,,338.14,Bangladesh - 1 GB for 7 Days,,7,BGD,BGD
1128,BHR_1002202509374640,1,2,,105,,338.14,Bahrain - 1 GB for 7 Days,,7,BHR,BHR
1129,egypt-1g7days_0717202507150730,1,2,,105,,338.14,Egypt - 1 GB for 7 Days,,7,EGY,EGY
1130,esim_1gb_7days_europe_v2_1002202509343726,1,2,,105,,338.14,Europe - 1 GB for 7 Days,,7,"AUT, BEL, BGR, CHE, CYP, CZE, DEU, DNK, EST, ESP, FIN, FRA, GBR, GRC, HRV, HUN, IRL, ISL, ITA, LIE, LTU, LUX, LVA, MLT, NLD, NOR, POL, PRT, ROU, SWE, SVN, SVK, TUR",EUR
1131,Japan1GB7days20251001075401,1,2,,105,,338.14,Japan - 1 GB for 7 Days,,7,JPN,JPN
1132,Malaysia1GB7days20251001075402,1,2,,105,,338.14,Malaysia - 1 GB for 7 Days,,7,MYS,MYS
1133,Oman_1GB_7days_2589914,1,2,,105,,338.14,Oman - 1 GB for 7 Days,,7,OMN,OMN
1134,SAU_0502202514200353,1,2,,105,,338.14,Saudi Arabia - 1 GB for 7 Days,,7,SAU,SAU
1135,SGP_1002202509344822,1,2,,105,,338.14,Singapore - 1 GB for 7 Days,,7,SGP,SGP
1136,azerbaijan-1g7days_0919202508015866,1,2,,105,,422.88,Azerbaijan - 1 GB for 7 Days,,7,AZE,AZE
1137,China1GB7days20260105082415,1,2,,105,,422.88,China - 1 GB for 7 Days,,7,CHN,CHN
1138,07172025125005_cdf08188-6166-477a-90f3-1fcb51614da3,1,2,,105,,422.88,Ghana - 1 GB for 7 Days,,7,GHA,GHA
1139,kazakhstan-1g7days_0919202508020969,1,2,,105,,422.88,Kazakhstan - 1 GB for 7 Days,,7,KAZ,KAZ
1140,07172025125009_6e502ad4-2fe8-4fa3-9937-55033f8e6024,1,2,,105,,422.88,Kenya - 1 GB for 7 Days,,7,KEN,KEN
1141,APAC_1GB_7days_3225114,1,2,,105,,422.88,South Korea - 1 GB for 7 Days,,7,KOR,KOR
1142,Taiwan1GB7days20251001075359,1,2,,105,,422.88,Taiwan - 1 GB for 7 Days,,7,TWN,TWN
1143,Uzbekistan1GB7days20251001075403,1,2,,105,,422.88,Uzbekistan - 1 GB for 7 Days,,7,UZB,UZB
1144,07172025125013_bfc0e836-9ae3-4cbf-b56d-74b1a5812b50,1,2,,105,,422.88,South Africa - 1 GB for 7 Days,,7,ZAF,ZAF
1145,esim_1gb_7days_asia_v2_1002202509343546,1,2,,105,,507.63,Asia - 1 GB for 7 Days,,7,"AUS, HKG, IDN, KOR, LKA, MAC, MYS, NZL, PAK, SGP, THA, TWN, UZB, VNM",ASI
1146,GEO_1002202509364753,1,2,,105,,592.37,Georgia - 1 GB for 7 Days,,7,GEO,GEO
1147,MUS_1002202509372713,1,2,,105,,592.37,Mauritius - 1 GB for 7 Days,,7,MUS,MUS
1148,Seychelles1GB7days20251001075403,1,2,,105,,592.37,Seychelles - 1 GB for 7 Days,,7,SYC,SYC
1149,esim_1gb_7days_global_v2_1002202509343996,1,2,,105,,1270.34,Global - 1 GB for 7 Days,,7,"AND, ARE, ALB, ARG, AUT, AUS, ALA, BIH, BEL, BGR, BOL, BRA, CAN, CHE, CHL, CMR, CHN, COL, CRI, CYP, CZE, DEU, DNK, ECU, EST, EGY, ESP, FIN, FRA, GBR, GGY, GIB, GRC, GTM, GUM, GUY, HKG, HRV, HUN, IDN, IRL, IMN, IRQ, ISL, ITA, JEY, JOR, JPN, KEN, KOR, KWT, KAZ, LIE, LKA, LTU, LUX, LVA, MAR, MDA, MNE, MDG, MKD, MAC, MLT, MUS, MEX, MYS, NGA, NIC, NLD, NOR, NZL, OMN, PAN, PER, PAK, POL, PRT, PRY, QAT, REU, ROU, SRB, SAU, SYC, SWE, SGP, SVN, SVK, SLV, THA, TUN, TUR, TWN, TZA, UKR, UGA, USA, URY, UZB, VNM, ZAF, ZMB",GLB
1150,KHM_1002202509370839,1,2,,105,,1694.07,Cambodia - 1 GB for 7 Days,,7,KHM,KHM
1151,pS-PB-HK-VA-3-5-1,3,1,,105,,253.39,"Plastic SIM - 3GB for 5 Days [HKG, MAC]",,5,"HKG, MAC",HKG
1152,20251110T100014913361_c9a2673a-2e25-489d-97ba-4b48b571d1c0,3,2,,105,,253.39,United States of America - 3 GB for 30 Days,,30,USA,USA
1153,pS-PB-HK-VA-3-15-1,3,1,,105,,338.14,"Plastic SIM - 3GB for 15 Days [HKG, MAC]",,15,"HKG, MAC",HKG
1154,DEU_1002202509460575,3,2,,105,,338.14,Germany - 3 GB for 30 Days,,30,DEU,DEU
1155,GRC_1002202509462239,3,2,,105,,338.14,Greece - 3 GB for 30 Days,,30,GRC,GRC
1156,NLD_1002202509492764,3,2,,105,,338.14,Netherlands - 3 GB for 30 Days,,30,NLD,NLD
1157,TUR_0114202512300020,3,2,,105,,338.14,Turkey - 3 GB for 30 Days,,30,TUR,TUR
1158,pS-PB-AE-VA-3-5,3,1,,105,,422.88,Plastic SIM - 3GB for 5 Days [ARE],,5,ARE,ARE
1159,AUS_1002202509470325,3,2,,105,,422.88,Australia - 3 GB for 30 Days,,30,AUS,AUS
1160,CHE_0313202512400185,3,2,,105,,422.88,Switzerland - 3 GB for 30 Days,,30,CHE,CHE
1161,FIN_1002202509461178,3,2,,105,,422.88,Finland - 3 GB for 30 Days,,30,FIN,FIN
1162,GBR_1002202509461543,3,2,,105,,422.88,United Kingdom - 3 GB for 30 Days,,30,GBR,GBR
1163,hongkong-3g30days_0611202506452642,3,2,,105,,422.88,Hong Kong - 3 GB for 30 Days,,30,HKG,HKG
1164,IDN_0213202516000892,3,2,,105,,422.88,Indonesia - 3 GB for 30 Days,,30,IDN,IDN
1165,pS-PB-SG-VA-3-30-3,3,1,,105,,422.88,"Plastic SIM - 3GB for 30 Days [SGP, MYS, IDN, THA]",,30,"SGP, IDN, THA, MYS",IDN
1166,kuwait-3g30days_0717202507150335,3,2,,105,,422.88,Kuwait - 3 GB for 30 Days,,30,KWT,KWT
1167,LKA_0213202516000519,3,2,,105,,422.88,Sri Lanka - 3 GB for 30 Days,,30,LKA,LKA
1168,Malaysia3GB30days20251001075402,3,2,,105,,422.88,Malaysia - 3 GB for 30 Days,,30,MYS,MYS
1169,Singapore_0MB_30days_2353213,3,2,,105,,422.88,Singapore - 3 GB for 30 Days,,30,SGP,SGP
1170,THA_0410202507150923,3,2,,105,,422.88,Thailand - 3 GB for 30 Days,,30,THA,THA
1171,pS-PB-US-VA-3-30-2,3,1,,105,,422.88,Plastic SIM - 3GB for  Days [USA],,30,USA,USA
1172,pS-PB-LK-VA-3-5,3,1,,105,,507.63,Plastic SIM - 3GB for 30 Days [LKA],,5,LKA,LKA
1173,pS-PB-OM-VA-3-5,3,1,,105,,507.63,Plastic SIM - 3GB for 5 Days [OMN],,5,OMN,OMN
1174,pS-PB-SA-VA-3-5,3,1,,105,,507.63,Plastic SIM - 3GB for 15 Days [SAU],,5,SAU,SAU
1175,pS-PB-AE-VA-3-7,3,1,,105,,507.63,Plastic SIM - 3GB for 7 Days [ARE],,7,ARE,ARE
1176,pS-PB-LK-VA-3-7,3,1,,105,,507.63,Plastic SIM - 3GB for 30 Days [LKA],,7,LKA,LKA
1177,Japan3GB30days20251001075401,3,2,,105,,507.63,Japan - 3 GB for 30 Days,,30,JPN,JPN
1178,Oman_3GB_30days_2590114,3,2,,105,,507.63,Oman - 3 GB for 30 Days,,30,OMN,OMN
1179,pS-PB-UZ-VA-3-5-2,3,1,,105,,592.37,Plastic SIM - 3GB for 5 Days [MULTI (63)],,5,"UZB, USA, SWE, REU, DZA, HUN, FRA, DEU, BEL, ALB, AZE, PAK, GRC, DNK, KGZ, MLT, XKX, HRV, AUS, GBR, IND, TUN, LTU, ISR, PRT, BHR, QAT, POL, ISL, UKR, ESP, AND, CHE, LIE, KAZ, NOR, LKA, SVN, NZL, CYP, FIN, SVK, GEO, KWT, LUX, IRL, BIH, CZE, GHA, ARM, EST, SRB, TUR, LVA, NLD, ROU, AUT, RUS, BGR, MNE, ITA, TJK, RUS",QAT
1180,pS-PB-OM-VA-3-7,3,1,,105,,592.37,Plastic SIM - 3GB for 7 Days [OMN],,7,OMN,OMN
1181,pS-PB-SA-VA-3-7,3,1,,105,,592.37,Plastic SIM - 3GB for 30 Days [SAU],,7,SAU,SAU
1182,pS-PB-SA-VA-3-15,3,1,,105,,592.37,Plastic SIM - 3GB for 30 Days [SAU],,15,SAU,SAU
1183,ARE_1002202509465879,3,2,,105,,592.37,United Arab Emirates - 3 GB for 30 Days,,30,ARE,ARE
1184,BHR_1002202509470980,3,2,,105,,592.37,Bahrain - 3 GB for 30 Days,,30,BHR,BHR
1185,CAN_1002202509455491,3,2,,105,,592.37,Canada - 3 GB for 30 Days,,30,CAN,CAN
1186,esim_3gb_30days_europe_v2_1002202509494056,3,2,,105,,592.37,Europe - 3 GB for 30 Days,,30,"AUT, BEL, BGR, CHE, CYP, CZE, DEU, DNK, EST, ESP, FIN, FRA, GBR, GRC, HRV, HUN, IRL, ISL, ITA, LIE, LTU, LUX, LVA, MLT, NLD, NOR, POL, PRT, ROU, SWE, SVN, SVK, TUR",EUR
1187,Macao3GB30days20251112094246,3,2,,105,,592.37,Macau - 3 GB for 30 Days,,30,MAC,MAC
1188,QAT_0502202514201056,3,2,,105,,592.37,Qatar - 3 GB for 30 Days,,30,QAT,QAT
1189,Taiwan3GB30days20251001075359,3,2,,105,,592.37,Taiwan - 3 GB for 30 Days,,30,TWN,TWN
1190,VNM_1002202509500810,3,2,,105,,592.37,Vietnam - 3 GB for 30 Days,,30,VNM,VNM
1191,pS-PB-AE-VA-3-30,3,1,,105,,677.12,Plastic SIM - 3GB for 30 Days [ARE],,30,ARE,ARE
1192,pS-PB-OM-VA-3-30,3,1,,105,,677.12,Plastic SIM - 3GB for 30 Days [OMN],,30,OMN,OMN
1193,pS-PB-SA-VA-3-30,3,1,,105,,677.12,Plastic SIM - 3GB for 15 Days [SAU],,30,SAU,SAU
1194,esim_3gb_30days_northamerica_v2_1002202509494453,3,2,,105,,761.86,America - 3 GB for 30 Days,,30,"CAN, MEX, USA",AMR
1195,China_3GB_30days_2629514,3,2,,105,,846.61,China - 3 GB for 30 Days,,30,CHN,CHN
1196,SAU_0502202514200427,3,2,,105,,846.61,Saudi Arabia - 3 GB for 30 Days,,30,SAU,SAU
1197,07172025125009_0f67415c-4418-47c3-82cd-66b08c988f28,3,2,,105,,931.36,Kenya - 3 GB for 30 Days,,30,KEN,KEN
1198,APAC_3GB_30days_3225214,3,2,,105,,931.36,South Korea - 3 GB for 30 Days,,30,KOR,KOR
1199,ZAF_1002202509501120,3,2,,105,,931.36,South Africa - 3 GB for 30 Days,,30,ZAF,ZAF
1200,BRA_1002202509471329,3,2,,105,,1270.34,Brazil - 3 GB for 30 Days,,30,BRA,BRA
1201,MUS_1002202509492180,3,2,,105,,1270.34,Mauritius - 3 GB for 30 Days,,30,MUS,MUS
1202,esim_3gb_30days_global_v2_1002202509494276,3,2,,105,,2541.53,Global - 3 GB for 30 Days,,30,"AND, ARE, ALB, ARG, AUT, AUS, ALA, BIH, BEL, BGR, BOL, BRA, CAN, CHE, CHL, CMR, CHN, COL, CRI, CYP, CZE, DEU, DNK, ECU, EST, EGY, ESP, FIN, FRA, GBR, GGY, GIB, GRC, GTM, GUM, GUY, HKG, HRV, HUN, IDN, IRL, IMN, IRQ, ISL, ITA, JEY, JOR, JPN, KEN, KOR, KWT, KAZ, LIE, LKA, LTU, LUX, LVA, MAR, MDA, MNE, MDG, MKD, MAC, MLT, MUS, MEX, MYS, NGA, NIC, NLD, NOR, NZL, OMN, PAN, PER, PAK, POL, PRT, PRY, QAT, REU, ROU, SRB, SAU, SYC, SWE, SGP, SVN, SVK, SLV, THA, TUN, TUR, TWN, TZA, UKR, UGA, USA, URY, UZB, VNM, ZAF, ZMB",GLB
1203,pS-PB-HK-VA-5-7-1,5,1,,105,,422.88,"Plastic SIM - 5GB for 7 Days [HKG, MAC]",,7,"HKG, MAC",HKG
1204,TUR_0110202517200100,5,2,,105,,422.88,Turkey - 5 GB for 7 Days,,7,TUR,TUR
1205,pS-PB-US-VA-5-7-2,5,1,,105,,422.88,Plastic SIM - 5GB for  Days [USA],,7,USA,USA
1206,TUR_0110202517200136,5,2,,105,,422.88,Turkey - 5 GB for 15 Days,,15,TUR,TUR
1207,DEU_1002202509573202,5,2,,105,,422.88,Germany - 5 GB for 30 Days,,30,DEU,DEU
1208,ESP_1002202509573861,5,2,,105,,422.88,Spain - 5 GB for 30 Days,,30,ESP,ESP
1209,FRA_1002202509574168,5,2,,105,,422.88,France - 5 GB for 30 Days,,30,FRA,FRA
1210,GRC_1002202509574970,5,2,,105,,422.88,Greece - 5 GB for 30 Days,,30,GRC,GRC
1211,ITA_1002202509580033,5,2,,105,,422.88,Italy - 5 GB for 30 Days,,30,ITA,ITA
1212,NLD_1002202509583020,5,2,,105,,422.88,Netherlands - 5 GB for 30 Days,,30,NLD,NLD
1213,TUR_0110202517200227,5,2,,105,,422.88,Turkey - 5 GB for 30 Days,,30,TUR,TUR
1214,20251110T100022543765_5e726045-d081-4c26-9720-b7c2b992440e,5,2,,105,,422.88,United States of America - 5 GB for 30 Days,,30,USA,USA
1215,pS-PB-SG-VA-5-7-3,5,1,,105,,507.63,"Plastic SIM - Singapore, Malaysia - 5 GB For 7 Days",128.0,7,"MYS,SGP","SGMY,MYS,SGP"
1216,SGL-TUR-5G-7D,5,2,,103,,507.63,eSIM - Turkey - 5 GB For 7 Days,,7,TUR,TUR
1217,europe1-5g10days_0316202613554887,5,2,,103,,507.63,eSIM - United Kingdom - 5 GB For 10 Days,,10,"AUT,BEL,BGR,HRV,CYP,CZE,DNK,EST,FIN,FRA,DEU,GRC,HUN,ISL,IRL,ITA,LVA,LIE,LTU,LUX,MLT,NLD,NOR,PRT,ROU,SVK,SVN,ESP,SWE,TUR,GBR","AUT,BEL,BGR,HRV,CYP,CZE,DNK,EST,FIN,FRA,DEU,GRC,HUN,ISL,IRL,ITA,LVA,LIE,LTU,LUX,MLT,NLD,NOR,PRT,ROU,SVK,SVN,ESP,SWE,TUR,GBR"
1218,eSim-PB-SG-VA-5-10-9,5,2,,105,,507.63,"Singapore, Malaysia 5GB -10 Days",128.0,10,"SGP, MYS",SGP
1219,pS-PB-SG-VA-5-30-2,5,1,,105,,507.63,"Plastic SIM - 5GB for 30 Days [SGP, MYS, IDN, THA]",,30,"SGP, IDN, THA, MYS",SGP
1220,pS-PB-US-VA-5-30-2,5,1,,105,,507.63,Plastic SIM - 5GB for  Days [USA],,30,USA,USA
1221,eSim-PB-SG-VA-5-5-8,5,2,,105,,592.37,SMIT 5GB -5 Days,128.0,5,"SGP, MYS, IDN, THA",IDN
1222,CHE_0313202512400295,5,2,,105,,592.37,Switzerland - 5 GB for 7 Days,,7,CHE,CHE
1223,THA_0410202507150977,5,2,,105,,592.37,Thailand - 5 GB for 7 Days,,7,THA,THA
1224,Malaysia5GB10days20251001075402,5,2,,105,,592.37,Malaysia - 5 GB for 10 Days,,10,MYS,MYS
1225,Singapore_5GB_10days_2603414,5,2,,105,,592.37,Singapore - 5 GB for 10 Days,,10,SGP,SGP
1226,CHE_1002202509572457,5,2,,105,,592.37,Switzerland - 5 GB for 30 Days,,30,CHE,CHE
1227,GBR_1002202509574275,5,2,,105,,592.37,United Kingdom - 5 GB for 30 Days,,30,GBR,GBR
1228,Malaysia5GB30days20251001075402,5,2,,105,,592.37,Malaysia - 5 GB for 30 Days,,30,MYS,MYS
1229,pS-PB-AE-VA-5-5,5,1,,105,,677.12,Plastic SIM - 5GB for 5 Days [ARE],,5,ARE,ARE
1230,eSim-PB-CN-VA-5-7-2,5,2,,105,,677.12,"eSIM - China, HongKong, Macau - 5 GB For 7 Days",128.0,7,"CHN,HKG,MAC","GCHN,CHN"
1231,IDN_0213202516000948,5,2,,105,,677.12,Indonesia - 5 GB for 7 Days,,7,IDN,IDN
1232,pS-PB-LK-VA-5-7,5,1,,105,,677.12,Plastic SIM - 5GB for 30 Days [LKA],,7,LKA,LKA
1233,Oman_5GB_10days_2590214,5,2,,105,,677.12,Oman - 5 GB for 10 Days,,10,OMN,OMN
1234,pS-PB-SA-VA-5-5,5,1,,105,,761.86,Plastic SIM - 5GB for 15 Days [SAU],,5,SAU,SAU
1235,pS-PB-AE-VA-5-7,5,1,,105,,761.86,Plastic SIM - 5GB for 7 Days [ARE],,7,ARE,ARE
1236,LKA_0213202516000663,5,2,,103,,761.86,eSIM - Sri Lanka - 5 GB For 7 Days,,7,LKA,LKA
1237,pS-PB-LK-VA-5-15,5,1,,105,,761.86,Plastic SIM - 5GB for  Days [LKA],,15,LKA,LKA
1238,QAT_0502202514201078,5,2,,105,,846.61,Qatar - 5 GB for 7 Days,,7,QAT,QAT
1239,04062023064500_01032_3,5,2,,105,,846.61,Europe - 5 GB for 10 Days,,10,"ALB, AUT, BEL, BGR, HRV, CYP, CZE, DNK, EST, FRO, FIN, FRA, DEU, HUN, ISL, IRL, ITA, LVA, LIE, LTU, LUX, MLT, NLD, NOR, POL, PRT, ROU, SVN, ESP, SWE, TUR, GBR",EUR
1240,hongkong-5g10days_0611202506452783,5,2,,105,,846.61,Hong Kong - 5 GB for 10 Days,,10,HKG,HKG
1241,IDN_0213202516000945,5,2,,105,,846.61,Indonesia - 5 GB for 10 Days,,10,IDN,IDN
1242,LKA_0213202516000603,5,2,,105,,846.61,Sri Lanka - 5 GB for 10 Days,,10,LKA,LKA
1243,Macao5GB10days20251112094246,5,2,,105,,846.61,Macau - 5 GB for 10 Days,,10,MAC,MAC
1244,QAT_0502202514201165,5,2,,105,,846.61,Qatar - 5 GB for 10 Days,,10,QAT,QAT
1245,THA_0410202507150955,5,2,,105,,846.61,Thailand - 5 GB for 10 Days,,10,THA,THA
1246,esim_5gb_30days_northamerica_v2_1002202509584751,5,2,,105,,846.61,America - 5 GB for 30 Days,,30,"CAN, MEX, USA",AMR
1247,pS-PB-AE-VA-5-30,5,1,,105,,846.61,Plastic SIM - 5GB for 30 Days [ARE],,30,ARE,ARE
1248,08232023231002_01124_3,5,2,,105,,846.61,Europe - 5 GB for 30 Days,,30,"ALB, AUT, BEL, BGR, HRV, CYP, CZE, DNK, EST, FRO, FIN, FRA, DEU, HUN, ISL, IRL, ITA, LVA, LIE, LTU, LUX, MLT, NLD, NOR, POL, PRT, ROU, SVN, ESP, SWE, TUR, GBR",EUR
1249,esim_5gb_30days_europe_v2_1002202509584360,5,2,,105,,846.61,Europe - 5 GB for 30 Days,,30,"AUT, BEL, BGR, CHE, CYP, CZE, DEU, DNK, EST, ESP, FIN, FRA, GBR, GRC, HRV, HUN, IRL, ISL, ITA, LIE, LTU, LUX, LVA, MLT, NLD, NOR, POL, PRT, ROU, SWE, SVN, SVK, TUR",EUR
1250,hongkong-5gb-30days_0611202506452819,5,2,,105,,846.61,Hong Kong - 5 GB for 30 Days,,30,HKG,HKG
1251,Japan5GB30days20251001075401,5,2,,105,,846.61,Japan - 5 GB for 30 Days,,30,JPN,JPN
1252,Oman_5GB_30days_2590314,5,2,,105,,846.61,Oman - 5 GB for 30 Days,,30,OMN,OMN
1253,THA_1002202510010880,5,2,,105,,846.61,Thailand - 5 GB for 30 Days,,30,THA,THA
1254,VNM_1002202510011905,5,2,,105,,846.61,Vietnam - 5 GB for 30 Days,,30,VNM,VNM
1255,egypt-5g7days_0717202507150938,5,2,,105,,931.36,Egypt - 5 GB for 7 Days,,7,EGY,EGY
1256,ARE_1002202509570254,5,2,,105,,931.36,United Arab Emirates - 5 GB for 30 Days,,30,ARE,ARE
1257,LKA_0213202516000647,5,2,,105,,931.36,Sri Lanka - 5 GB for 30 Days,,30,LKA,LKA
1258,pS-PB-OM-VA-5-30,5,1,,105,,931.36,Plastic SIM - 5GB for 30 Days [OMN],,30,OMN,OMN
1259,QAT_1002202509583998,5,2,,105,,931.36,Qatar - 5 GB for 30 Days,,30,QAT,QAT
1260,SAU_0502202514200613,5,2,,105,,931.36,Saudi Arabia - 5 GB for 30 Days,,30,SAU,SAU
1261,africa-5g10days_0223202610111595,5,2,,103,,1016.1,eSIM - Africa (10) - 5 GB For 10 Days,,10,"DZA,COM,EGY,MDG,REU,SEN,ZAF,TZA,TUN,CIV","AFR,DZA,COM,EGY,MDG,REU,SEN,ZAF,TZA,TUN,CIV"
1262,pS-PB-UZ-VA-5-15-2,5,1,,105,,1016.1,Plastic SIM - 5GB for 15 Days [MULTI (63)],,15,"UZB, USA, SWE, REU, DZA, HUN, FRA, DEU, BEL, ALB, AZE, PAK, GRC, DNK, KGZ, MLT, XKX, HRV, AUS, GBR, IND, TUN, LTU, ISR, PRT, BHR, QAT, POL, ISL, UKR, ESP, AND, CHE, LIE, KAZ, NOR, LKA, SVN, NZL, CYP, FIN, SVK, GEO, KWT, LUX, IRL, BIH, CZE, GHA, ARM, EST, SRB, TUR, LVA, NLD, ROU, AUT, RUS, BGR, MNE, ITA, TJK, RUS",AZE
1263,egypt-5g10days_0717202507151092,5,2,,105,,1100.85,Egypt - 5 GB for 10 Days,,10,EGY,EGY
1264,pS-PB-UZ-VA-5-30-2,5,1,,105,,1100.85,Plastic SIM - 5GB for 30 Days [MULTI (63)],,30,"UZB, USA, SWE, REU, DZA, HUN, FRA, DEU, BEL, ALB, AZE, PAK, GRC, DNK, KGZ, MLT, XKX, HRV, AUS, GBR, IND, TUN, LTU, ISR, PRT, BHR, QAT, POL, ISL, UKR, ESP, AND, CHE, LIE, KAZ, NOR, LKA, SVN, NZL, CYP, FIN, SVK, GEO, KWT, LUX, IRL, BIH, CZE, GHA, ARM, EST, SRB, TUR, LVA, NLD, ROU, AUT, RUS, BGR, MNE, ITA, TJK, RUS",QAT
1265,pS-PB-US-VA-5-30-1,5,1,,105,,1185.59,"Plastic SIM - 5GB for  Days [CAN, USA, MEX]",,30,"CAN, USA, MEX",USA
1266,China_5GB_30days_2629714,5,2,,105,,1270.34,China - 5 GB for 30 Days,,30,CHN,CHN
1267,APAC_5GB_30days_3225414,5,2,,105,,1270.34,South Korea - 5 GB for 30 Days,,30,KOR,KOR
1268,ZAF_1002202510012250,5,2,,105,,1439.83,South Africa - 5 GB for 30 Days,,30,ZAF,ZAF
1269,azerbaijan-5gb-30days_0919202508020343,5,2,,105,,1524.58,Azerbaijan - 5 GB for 30 Days,,30,AZE,AZE
1270,Seychelles5GB7days20251001075403,5,2,,105,,1694.07,Seychelles - 5 GB for 7 Days,,7,SYC,SYC
1271,Kenya5GB10days20251001075357,5,2,,105,,1694.07,Kenya - 5 GB for 10 Days,,10,KEN,KEN
1272,GEO_1002202509574327,5,2,,105,,1694.07,Georgia - 5 GB for 30 Days,,30,GEO,GEO
1273,GTM_1002202509575072,5,2,,105,,1694.07,Guatemala - 5 GB for 30 Days,,30,GTM,GTM
1274,MUS_1002202509582444,5,2,,105,,2117.8,Mauritius - 5 GB for 30 Days,,30,MUS,MUS
1275,pS-BL-LK-GB-7.5-28,7,1,,105,"SIM: Sri Lanka 
INR 120 talktime covers either 120 local minutes at â‚¹1/min or 55 India minutes at â‚¹2.18/min, with SMS also deducted from the same balance.",761.86,Plastic SIM - Sri Lanka - 7.5 GB For 28 Days,,28,LKA,LKA
1276,pS-PB-US-VA-10-7-2,10,1,,105,,592.37,Plastic SIM - 10GB for  Days [USA],,7,USA,USA
1277,TUR_0110202517200351,10,2,,105,,592.37,Turkey - 10 GB for 30 Days,,30,TUR,TUR
1278,SGL-TUR-10G-30D,10,2,,103,,677.12,eSIM - Turkey - 10 GB For 30 Days,,30,TUR,TUR
1279,20251110T100009874530_f114de7d-9352-442c-8678-f1c2ad70b96a,10,2,,103,,677.12,eSIM - United States of America - 10 GB For 30 Days,,30,USA,USA
1280,pS-PB-US-VA-10-30-2,10,1,,105,,677.12,Plastic SIM - 10GB for  Days [USA],,30,USA,USA
1281,pS-PB-HK-VA-10-7-1,10,1,,105,,761.86,"Plastic SIM - 10GB for 7 Days [HKG, MAC]",,7,"HKG, MAC",MAC
1282,eSim-PB-SG-VA-10-10-7,10,2,,105,,761.86,"eSIM - Singapore, Malaysia - 10 GB For 10 Days",128.0,10,"SGP,MYS","SGP,MYS,SGMY"
1283,europe1-10g15days_0316202613554744,10,2,,103,,761.86,eSIM - United Kingdom - 10 GB For 15 Days,,15,"AUT,BEL,BGR,HRV,CYP,CZE,DNK,EST,FIN,FRA,DEU,GRC,HUN,ISL,IRL,ITA,LVA,LIE,LTU,LUX,MLT,NLD,NOR,PRT,ROU,SVK,SVN,ESP,SWE,TUR,GBR","AUT,BEL,BGR,HRV,CYP,CZE,DNK,EST,FIN,FRA,DEU,GRC,HUN,ISL,IRL,ITA,LVA,LIE,LTU,LUX,MLT,NLD,NOR,PRT,ROU,SVK,SVN,ESP,SWE,TUR,GBR"
1284,pS-PB-KRW-VA-10-15,10,1,,105,,761.86,Plastic SIM - South Korea - 10 GB For 15 Days,128.0,15,KOR,KOR
1285,europe1-10g30days_0316202613555317,10,2,,103,,761.86,eSIM - United Kingdom - 10 GB For 30 Days,,30,"AUT,BEL,BGR,HRV,CYP,CZE,DNK,EST,FIN,FRA,DEU,GRC,HUN,ISL,IRL,ITA,LVA,LIE,LTU,LUX,MLT,NLD,NOR,PRT,ROU,SVK,SVN,ESP,SWE,TUR,GBR","AUT,BEL,BGR,HRV,CYP,CZE,DNK,EST,FIN,FRA,DEU,GRC,HUN,ISL,IRL,ITA,LVA,LIE,LTU,LUX,MLT,NLD,NOR,PRT,ROU,SVK,SVN,ESP,SWE,TUR,GBR"
1286,Australia10GB30days20251001075400,10,2,,105,,846.61,Australia - 10 GB for 30 Days,,30,AUS,AUS
1287,CHE_0313202512400469,10,2,,105,,846.61,Switzerland - 10 GB for 30 Days,,30,CHE,CHE
1288,DEU_1002202510180552,10,2,,105,,846.61,Germany - 10 GB for 30 Days,,30,DEU,DEU
1289,ESP_1002202510181093,10,2,,105,,846.61,Spain - 10 GB for 30 Days,,30,ESP,ESP
1290,GBR_1002202510181510,10,2,,105,,846.61,United Kingdom - 10 GB for 30 Days,,30,GBR,GBR
1291,GRC_1002202510182262,10,2,,105,,846.61,Greece - 10 GB for 30 Days,,30,GRC,GRC
1292,ITA_1002202510163429,10,2,,105,,846.61,Italy - 10 GB for 30 Days,,30,ITA,ITA
1293,Malaysia10GB30days20251001075402,10,2,,105,,846.61,Malaysia - 10 GB for 30 Days,,30,MYS,MYS
1294,pS-PB-SG-VA-10-30-4,10,1,,105,,846.61,"Plastic SIM - 10GB for 30 Days [SGP, MYS, IDN, THA]",,30,"SGP, IDN, THA, MYS",SGP
1295,CHE_0313202512400375,10,2,,105,,931.36,Switzerland - 10 GB for 15 Days,,15,CHE,CHE
1296,Singapore_10GB_15days_2602914,10,2,,105,,931.36,Singapore - 10 GB for 15 Days,,15,SGP,SGP
1297,eSim-PB-AT-VA-10-30-1,10,2,,105,,931.36,eSIM - Europe (31) - 10 GB For 30 Days,128.0,30,"AUT,BEL,BGR,HRV,CYP,CZE,DNK,EST,FIN,FRA,DEU,GRC,HUN,ISL,IRL,ITA,LVA,LTU,LUX,MLT,NOR,POL,PRT,ROU,SVK,SVN,ESP,SWE,GBR,CHE,TUR","EUR,AUT,BEL,BGR,HRV,CYP,CZE,DNK,EST,FIN,FRA,DEU,GRC,HUN,ISL,IRL,ITA,LVA,LTU,LUX,MLT,NOR,POL,PRT,ROU,SVK,SVN,ESP,SWE,CHE,TUR"
1298,Japan10GB30days20251001075401,10,2,,105,,931.36,Japan - 10 GB for 30 Days,,30,JPN,JPN
1299,Singapore_10GB_30days_2603014,10,2,,105,,931.36,Singapore - 10 GB for 30 Days,,30,SGP,SGP
1300,eSim-PB-SG-VA-10-30-6,10,2,,105,,931.36,"eSIM - Singapore, Malaysia, Indonesia, Thailand - 10 GB For 30 Days",128.0,30,"SGP,IDN,MYS,THA","THA,IDN,SMIT"
1301,pS-PB-AE-VA-10-5,10,1,,105,,1016.1,Plastic SIM - 10GB for 5 Days [ARE],,5,ARE,ARE
1302,pS-PB-LK-VA-10-5,10,1,,105,,1016.1,Plastic SIM - 10GB for 30 Days [LKA],,5,LKA,LKA
1303,eSim-PB-CN-VA-10-10-2,10,2,,105,,1016.1,"eSIM - China, HongKong, Macau - 10 GB For 10 Days",128.0,10,"CHN,HKG,MAC","GCHN,CHN"
1304,pS-PB-JP-VA-10-10,10,1,,105,,1016.1,Plastic SIM - Japan - 10 GB For 10 Days,128.0,10,JPN,JPN
1305,pS-PB-SE-VA-10-15-2,10,1,,105,,1016.1,Plastic SIM - Europe[8] - 10 GB For 15 Days,128.0,15,"AUT,DNK,FRA,GBR,IRL,ISR,ITA,SWE","AUT,DNK,FRA,GBR,IRL,ISR,ITA,SWE"
1306,Oman_10GB_15days_2589814,10,2,,105,,1016.1,Oman - 10 GB for 15 Days,,15,OMN,OMN
1307,pS-PB-AE-VA-10-7,10,1,,105,,1100.85,Plastic SIM - 10GB for 7 Days [ARE],,7,ARE,ARE
1308,pS-PB-PH-VA-10-7,10,1,,105,,1100.85,Plastic SIM - Philippines - 10 GB For 7 Days,128.0,7,PHL,PHL
1309,04062023064500_01032_2,10,2,,105,,1100.85,Europe - 10 GB for 15 Days,,15,"ALB, AUT, BEL, BGR, HRV, CYP, CZE, DNK, EST, FRO, FIN, FRA, DEU, HUN, ISL, IRL, ITA, LVA, LIE, LTU, LUX, MLT, NLD, NOR, POL, PRT, ROU, SVN, ESP, SWE, TUR, GBR",EUR
1310,pS-PB-UZ-VA-10-15,10,1,,105,,1100.85,Plastic SIM - Europe[+] - 10 GB For 15 Days,128.0,15,"ALB,IRL,EST,AUT,BGR,BEL,ISL,POL,DNK,DEU,FRA,FIN,KAZ,NLD,MNE,CZE,HRV,LVA,LTU,LIE,LUX,ROU,MLT,USA,MDA,NOR,PRT,SWE,CHE,CYP,SVK,SVN,TUR,UKR,ESP,GRC,HUN,ISR,ITA,GBR,KGZ,UZB,PAK,NZL,SRB","EUR,ALB,EST,BGR,BEL,POL,DEU,FIN,KAZ,NLD,MNE,CZE,HRV,LVA,LTU,LIE,LUX,ROU,MLT,MDA,NOR,PRT,CHE,CYP,SVK,SVN,UKR,ESP,GRC,HUN,KGZ,UZB,SRB"
1311,hongkong-10gb-15days_0611202506452942,10,2,,105,,1100.85,Hong Kong - 10 GB for 15 Days,,15,HKG,HKG
1312,QAT_0502202514201316,10,2,,105,,1100.85,Qatar - 10 GB for 15 Days,,15,QAT,QAT
1313,THA_0410202507151170,10,2,,105,,1100.85,Thailand - 10 GB for 15 Days,,15,THA,THA
1314,08232023231002_01124_4,10,2,,105,,1100.85,Europe - 10 GB for 30 Days,,30,"ALB, AUT, BEL, BGR, HRV, CYP, CZE, DNK, EST, FRO, FIN, FRA, DEU, HUN, ISL, IRL, ITA, LVA, LIE, LTU, LUX, MLT, NLD, NOR, POL, PRT, ROU, SVN, ESP, SWE, TUR, GBR",EUR
1315,hongkong-10gb-30days_0611202506453065,10,2,,105,,1100.85,Hong Kong - 10 GB for 30 Days,,30,HKG,HKG
1316,Oman_10GB_30days_2265613,10,2,,105,,1100.85,Oman - 10 GB for 30 Days,,30,OMN,OMN
1317,THA_1002202510214245,10,2,,105,,1100.85,Thailand - 10 GB for 30 Days,,30,THA,THA
1318,pS-PB-LK-VA-10-7,10,1,,105,,1185.59,Plastic SIM - 10GB for  Days [LKA],,7,LKA,LKA
1319,IDN_0213202516001090,10,2,,105,,1270.34,Indonesia - 10 GB for 15 Days,,15,IDN,IDN
1320,LKA_0213202516000734,10,2,,105,,1270.34,Sri Lanka - 10 GB for 15 Days,,15,LKA,LKA
1321,pS-PB-LK-VA-10-15,10,1,,105,,1270.34,Plastic SIM - 10GB for  Days [LKA],,15,LKA,LKA
1322,Philippines10GB15days20251001075402,10,2,,105,,1270.34,Philippines - 10 GB for 15 Days,,15,PHL,PHL
1323,SEN_0213202516000396,10,2,,105,,1270.34,Senegal - 10 GB for 15 Days,,15,SEN,SEN
1324,esim_10gb_30days_europe_v2_1002202510171671,10,2,,105,,1270.34,Europe - 10 GB for 30 Days,,30,"AUT, BEL, BGR, CHE, CYP, CZE, DEU, DNK, EST, ESP, FIN, FRA, GBR, GRC, HRV, HUN, IRL, ISL, ITA, LIE, LTU, LUX, LVA, MLT, NLD, NOR, POL, PRT, ROU, SWE, SVN, SVK, TUR",EUR
1325,Philippines10GB30days20251001075402,10,2,,105,,1270.34,Philippines - 10 GB for 30 Days,,30,PHL,PHL
1326,VNM_1002202510215369,10,2,,105,,1270.34,Vietnam - 10 GB for 30 Days,,30,VNM,VNM
1327,SAU_0502202514200622,10,2,,103,,1355.08,eSIM - Saudi Arabia - 10 GB For 15 Days,,15,SAU,SAU
1328,AZE_1002202510174290,10,2,,103,,1439.83,eSIM - Azerbaijan - 10 GB For 30 Days,,30,AZE,AZE
1329,IDN_0213202516001077,10,2,,105,,1439.83,Indonesia - 10 GB for 30 Days,,30,IDN,IDN
1330,pS-PB-SA-VA-10-30,10,1,,105,,1439.83,Plastic SIM - 10GB for 30 Days [SAU],,30,SAU,SAU
1331,SAU_0502202514200784,10,2,,103,,1439.83,eSIM - Saudi Arabia - 10 GB For 30 Days,,30,SAU,SAU
1332,pS-PB-AE-VA-10-30,10,1,,105,,1609.32,Plastic SIM - UAE - 10 GB For 30 Days,128.0,30,ARE,ARE
1333,ARE_1002202510173546,10,2,,105,,1694.07,United Arab Emirates - 10 GB for 30 Days,,30,ARE,ARE
1334,China_10GB_30days_2629214,10,2,,105,,1694.07,China - 10 GB for 30 Days,,30,CHN,CHN
1335,MAR_1002202510164867,10,2,,105,,1694.07,Morocco - 10 GB for 30 Days,,30,MAR,MAR
1336,MEX_1002202510165878,10,2,,105,,1694.07,Mexico - 10 GB for 30 Days,,30,MEX,MEX
1337,pS-PB-OM-VA-10-30,10,1,,105,,1863.56,Plastic SIM - Oman - 10 GB For 30 Days,128.0,30,OMN,OMN
1338,azerbaijan-10gb-15days_0919202508020415,10,2,,105,,2117.8,Azerbaijan - 10 GB for 15 Days,,15,AZE,AZE
1339,Bangladesh_0MB_15days_2765714,10,2,,105,,2117.8,Bangladesh - 10 GB for 15 Days,,15,BGD,BGD
1340,egypt-10gb-15days_0717202507151147,10,2,,105,,2117.8,Egypt - 10 GB for 15 Days,,15,EGY,EGY
1341,EGY_1002202510181003,10,2,,105,,2117.8,Egypt - 10 GB for 30 Days,,30,EGY,EGY
1342,APAC_10GB_15days_3225614,10,2,,105,,2541.53,South Korea - 10 GB for 15 Days,,15,KOR,KOR
1343,Malawi10GB15days20251001075402,10,2,,105,,2541.53,Malawi - 10 GB for 15 Days,,15,MWI,MWI
1344,03292024231003_01249_1,10,2,,105,,5507.63,Iraq - 10 GB for 365 Days,,365,IRQ,IRQ
1345,eSim-PB-ES-VA-12-27,12,2,,105,60GB in Spain; 500 Minutes EU Calling,1016.1,eSIM - Europe (35) - 12 GB For 27 Days,,27,"ESP,DEU,AUT,BEL,BGR,CYP,HRV,DNK,SVK,SVN,EST,FIN,FRA,GIB,GRC,GLP,GUF,NLD,HUN,IRL,MTQ,REU,ISL,ITA,LVA,LIE,LTU,LUX,MLT,NOR,POL,PRT,CZE,ROU,SWE,VAT","EUR,DEU,AUT,BEL,BGR,CYP,HRV,DNK,SVK,SVN,EST,FIN,FRA,GIB,GRC,GLP,GUF,NLD,HUN,IRL,MTQ,REU,ISL,ITA,LVA,LIE,LTU,LUX,MLT,NOR,POL,PRT,CZE,ROU,SWE,VAT"
1346,pS-BL-LK-GB-12.5-28,12,1,,105,"SIM: Sri Lanka 
INR 120 talktime covers either 120 local minutes at â‚¹1/min or 55 India minutes at â‚¹2.18/min, with SMS also deducted from the same balance.",1100.85,Plastic SIM - Sri Lanka - 12.5 GB For 28 Days,,28,LKA,LKA
1347,eSim-BL-US-GB-12-30,12,2,,105,"Unlimited Local Calls & SMS, International Calling to 100+ Countries",1270.34,eSIM - United States - 12 GB For 30 Days,,30,"USA,CAN,MEX",USA
1348,pS-BL-US-GB-12-30,12,1,,105,"SIM: USA AT&T
Unlimited Local Calls & SMS, International Calling to 100+ Countries",1355.08,Plastic SIM - United States [AT&T] - 12GB For 30 Days,,30,"USA,CAN,MEX",USA
1349,eSim-BL-US-GB-12-60,12,2,,105,"Per Month Plan; Unlimited Local Calls & SMS, International Calling to 100+ Countries",2117.8,eSIM - United States - 12 GB For 60 Days,,60,"USA,CAN,MEX",USA
1350,pS-BL-US-GB-12-60,12,1,,105,"SIM: USA AT&T
Per Month Plans, Unlimited Local Calls & SMS, International Calling to 100+ Countries",2202.54,Plastic SIM - United States [AT&T] - 12GB For 60 Days,,60,"USA,CAN,MEX",USA
1351,TUR_0110202517200359,20,2,,105,,931.36,Turkey - 20 GB for 30 Days,,30,TUR,TUR
1352,SGL-TUR-20G-30D,20,2,,103,,1016.1,eSIM - Turkey - 20 GB For 30 Days,,30,TUR,TUR
1353,20251110T100027608203_7ca61bdd-b014-4357-bcc4-9f3bf2af576b,20,2,,103,,1016.1,eSIM - United States of America - 20 GB For 30 Days,,30,USA,USA
1354,eSim-PB-SG-VA-20-7-7,20,2,,105,,1100.85,"eSIM - Singapore, Malaysia - 20 GB For 7 Days",128.0,7,"SGP,MYS","SGP,MYS,SGMY"
1355,DEU_1002202510363970,20,2,,105,,1100.85,Germany - 20 GB for 30 Days,,30,DEU,DEU
1356,pS-PB-US-VA-20-15-2,20,1,,105,,1185.59,Plastic SIM - 20GB for  Days [USA],,15,USA,USA
1357,pS-PB-HK-VA-20-7-1,20,1,,105,,1270.34,"Plastic SIM - 20GB for 7 Days [HKG, MAC]",,7,"HKG, MAC",HKG
1358,pS-PB-KRW-VA-20-15,20,1,,105,,1270.34,Plastic SIM - South Korea - 20 GB For 15 Days,128.0,15,KOR,KOR
1359,europe1-20g30days_0316202613555294,20,2,,103,,1270.34,eSIM - United Kingdom - 20 GB For 30 Days,,30,"AUT,BEL,BGR,HRV,CYP,CZE,DNK,EST,FIN,FRA,DEU,GRC,HUN,ISL,IRL,ITA,LVA,LIE,LTU,LUX,MLT,NLD,NOR,PRT,ROU,SVK,SVN,ESP,SWE,TUR,GBR","AUT,BEL,BGR,HRV,CYP,CZE,DNK,EST,FIN,FRA,DEU,GRC,HUN,ISL,IRL,ITA,LVA,LIE,LTU,LUX,MLT,NLD,NOR,PRT,ROU,SVK,SVN,ESP,SWE,TUR,GBR"
1360,ESP_1002202510364485,20,2,,105,,1270.34,Spain - 20 GB for 30 Days,,30,ESP,ESP
1361,FRA_1002202510364889,20,2,,105,,1270.34,France - 20 GB for 30 Days,,30,FRA,FRA
1362,ITA_1002202510371664,20,2,,105,,1270.34,Italy - 20 GB for 30 Days,,30,ITA,ITA
1363,Malaysia20GB30days20251001075402,20,2,,105,,1270.34,Malaysia - 20 GB for 30 Days,,30,MYS,MYS
1364,pS-PB-US-VA-20-30-2,20,1,,105,,1270.34,Plastic SIM - 20GB for  Days [USA],,30,USA,USA
1365,Australia20GB30days20251001075400,20,2,,105,,1439.83,Australia - 20 GB for 30 Days,,30,AUS,AUS
1366,CHE_0313202512400590,20,2,,103,,1439.83,eSIM - Switzerland - 20 GB For 30 Days,,30,CHE,CHE
1367,eSim-PB-AD-VA-2-30,20,2,,105,Unllimited Calls and SMS in EU; 30 Mins EU to ROW; 200 SMS from EU to ROW,1439.83,eSIM - Europe (47) - 20 GB For 30 Days,,30,"AND,AZO,ALA,AUT,BAL,BEL,CAN,CYP,COR,CRE,CYC,HRV,CZE,DNK,EST,FRO,FIN,FRA,DEU,GIB,GRC,GGY,HUN,IRL,ISL,ITA,JEY,LVA,LIE,LTU,LUX,MAD,MLT,IMN,NOR,NLD,POL,PRT,RHO,ROU,ESP,GBR,SMR,SAR,SIC,SVK,SVN,CHE,SWE,VAT","EUR,AND,AZO,ALA,AUT,BAL,BEL,CAN,CYP,COR,CRE,CYC,HRV,CZE,DNK,EST,FRO,FIN,FRA,DEU,GIB,GRC,GGY,HUN,IRL,ISL,ITA,JEY,LVA,LIE,LTU,LUX,MAD,MLT,IMN,NOR,NLD,POL,PRT,RHO,ROU,ESP,GBR,SMR,SAR,SIC,SVK,SVN,CHE,SWE,VAT"
1368,pS-PB-EUR-VA-20-30,20,1,,105,SIM: Orange Europe Unllimited Calls and SMS in EU; 30 Mins EU to ROW; 200 SMS from EU to ROW,1439.83,pSIM - Orange Holiday Europe - 20 GB For 30 Days,,30,"AND,AZO,ALA,AUT,BAL,BEL,CAN,CYP,COR,CRE,CYC,HRV,CZE,DNK,EST,FRO,FIN,FRA,DEU,GIB,GRC,GGY,HUN,IRL,ISL,ITA,JEY,LVA,LIE,LTU,LUX,MAD,MLT,IMN,NOR,NLD,POL,PRT,RHO,ROU,ESP,GBR,SMR,SAR,SIC,SVK,SVN,CHE,SWE,VAT","EUR,AND,AZO,ALA,AUT,BAL,BEL,CAN,CYP,COR,CRE,CYC,HRV,CZE,DNK,EST,FRO,FIN,FRA,DEU,GIB,GRC,GGY,HUN,IRL,ISL,ITA,JEY,LVA,LIE,LTU,LUX,MAD,MLT,IMN,NOR,NLD,POL,PRT,RHO,ROU,ESP,GBR,SMR,SAR,SIC,SVK,SVN,CHE,SWE,VAT"
1369,pS-PB-SG-VA-20-30-4,20,1,,105,,1439.83,"Plastic SIM - Singapore, Malaysia - 20 GB For 30 Days",128.0,30,"MYS,SGP","SGMY,MYS,SGP"
1370,Japan20GB30days20251001075401,20,2,,103,,1524.58,eSIM - Japan - 20 GB For 30 Days,,30,JPN,JPN
1371,pS-PB-SG-VA-20-15-2,20,1,,105,,1694.07,"Plastic SIM - 20GB for 15 Days [SGP, MYS, IDN, THA]",,15,"SGP, IDN, THA, MYS",IDN
1372,LKA_0213202516000790,20,2,,103,,1694.07,eSIM - Sri Lanka - 20 GB For 30 Days,,30,LKA,LKA
1373,NZL_1002202510374872,20,2,,105,,1694.07,New Zealand - 20 GB for 30 Days,,30,NZL,NZL
1374,pS-PB-UZ-VA-20-30,20,1,,105,,1863.56,Plastic SIM - Europe[+] - 20 GB For 30 Days,128.0,30,"ALB,IRL,EST,AUT,BGR,BEL,ISL,POL,DNK,DEU,FRA,FIN,KAZ,NLD,MNE,CZE,HRV,LVA,LTU,LIE,LUX,ROU,MLT,USA,MDA,NOR,PRT,SWE,CHE,CYP,SVK,SVN,TUR,UKR,ESP,GRC,HUN,ISR,ITA,GBR,KGZ,UZB,PAK,NZL,SRB","EUR,ALB,EST,BGR,BEL,POL,DEU,FIN,KAZ,NLD,MNE,CZE,HRV,LVA,LTU,LIE,LUX,ROU,MLT,MDA,NOR,PRT,CHE,CYP,SVK,SVN,UKR,ESP,GRC,HUN,KGZ,UZB,SRB"
1375,SAU_0502202514200831,20,2,,103,,1948.31,eSIM - Saudi Arabia - 20 GB For 30 Days,,30,SAU,SAU
1376,eSim-PB-AD-VA-20-30,20,2,,105,15Min Calling & 50 SMS,2033.05,eSIM - Orange World - 20 GB For 30 Days,,30,"AND,AUT,BEL,BIH,BGR,HRV,CYP,CZE,DNK,EST,FRO,FIN,FRA,DEU,GEO,GIB,GRC,GGY,HUN,IRL,ISL,ITA,JEY,LVA,LIE,LTU,LUX,MLT,IMN,NLD,NOR,POL,PRT,ROU,ESP,GBR,SMR,SRB,SVK,SVN,CHE,SWE,UKR,VAT,USA,CAN,ZAF,ALB,DZA,SAU,ARG,ARM,AUS,BGD,BEN,BLR,BWA,BRA,BFA,KHM,CMR,CAF,CHL,CHN,HKG,MAC,COL,COD,KOR,CRI,CIV,ARE,ECU,GAB,GTM,GNB,GIN,HND,IND,IDN,ISR,JPN,JOR,XKX,LAO,MKD,MDG,MYS,MLI,MAR,MEX,MDA,MNE,NIC,NZL,UZB,PAK,PER,PHL,PRI,SLV,SEN,SGP,TWN,THA,TUN,TUR,URY,VNM","GLB,IDN,MYS,SGP,VNM,ALB,AND,ARE,ARG,ARM,AUS,AUT,BEL,BEN,BFA,BGD,BGR,BIH,BLR,BRA,BWA,CAF,CAN,CHE,CHL,CHN,CIV,CMR,COD,COL,CRI,CYP,CZE,DEU,DNK,DZA,ECU,ESP,EST,FIN,FRA,FRO,GAB,GBR,GEO,GGY,GIB,GIN,GNB,GRC,GTM,HKG,HND,HRV,HUN,IMN,IRL,ISL,ISR,ITA,JEY,JOR,KHM,KOR,LAO,LIE,LTU,LUX,LVA,MAC,MAR,MDA,MDG,MEX,MKD,MLI,MLT,MNE,NIC,NLD,NOR,NZL,PER,POL,PRI,PRT,ROU,SAU,SEN,SLV,SMR,SRB,SVK,SVN,SWE,TUN,TUR,TWN,UKR,URY,USA,UZB,XKX,ZAF"
1377,04062023064500_01032_1,20,2,,105,,2117.8,Europe - 20 GB for 30 Days,,30,"ALB, AUT, BEL, BGR, HRV, CYP, CZE, DNK, EST, FRO, FIN, FRA, DEU, HUN, ISL, IRL, ITA, LVA, LIE, LTU, LUX, MLT, NLD, NOR, POL, PRT, ROU, SVN, ESP, SWE, TUR, GBR",EUR
1378,esim_20gb_30days_europe_v2_1002202510375921,20,2,,105,,2117.8,Europe - 20 GB for 30 Days,,30,"AUT, BEL, BGR, CHE, CYP, CZE, DEU, DNK, EST, ESP, FIN, FRA, GBR, GRC, HRV, HUN, IRL, ISL, ITA, LIE, LTU, LUX, LVA, MLT, NLD, NOR, POL, PRT, ROU, SWE, SVN, SVK, TUR",EUR
1379,China_20GB_30days_2629414,20,2,,105,,2541.53,China - 20 GB for 30 Days,,30,CHN,CHN
1380,Singapore_20GB_30days_2603214,20,2,,105,,2541.53,Singapore - 20 GB for 30 Days,,30,SGP,SGP
1381,ARE_1002202510360909,20,2,,105,,2965.25,United Arab Emirates - 20 GB for 30 Days,,30,ARE,ARE
1382,MAR_1002202510373134,20,2,,105,,2965.25,Morocco - 20 GB for 30 Days,,30,MAR,MAR
1383,pS-PB-US-VA-20-15-1,20,1,,105,,3219.49,"Plastic SIM - USA, Canada, Mexico - 20 GB For 15 Days",128.0,15,"CAN,MEX,USA","USCM,CAN,MEX,USA"
1384,eSim-BL-US-GB-12-30-1,30,2,,105,"Unlimited Local Calls & SMS, International Calling to 100+ Countries",1439.83,eSIM - United States - 30 GB For 30 Days,,30,"USA,CAN,MEX",USA
1385,pS-BL-US-GB-12-30-1,30,1,,105,"SIM: USA AT&T
Unlimited Local Calls & SMS, International Calling to 100+ Countries",1524.58,Plastic SIM - United States [AT&T] - 30GB For 30 Days,,30,"USA,CAN,MEX",USA
1386,eSim-PB-TW-VA-30-15,30,2,,105,,1694.07,eSIM - Taiwan - 30 GB For 15 Days,128.0,15,TWN,TWN
1387,eSim-PB-JP-VA-30-15-1,30,2,,105,,1948.31,eSIM - Japan - 30 GB For 15 Days,128.0,15,JPN,JPN
1388,pS-PB-MY-US-40-15,40,1,,105,"SIM: Malaysia TuneTalks, 
Unlimited Incoming and Local Calls",761.86,Plastic SIM - Malaysia [TuneTalk] - 40 GB For 15 Days,,15,MYS,MYS
1389,pS-BL-GB-GB-40-30,40,1,,105,SIM: 3UK,1016.1,Plastic SIM - United Kingdom [3UK] - 40GB For 30 Days,,30,GBR,GBR
1390,eSim-NB-GB-GB-40-30,40,2,,105,,1100.85,eSIM - United Kingdom - 40 GB For 30 Days,,30,GBR,GBR
1391,eSim-PB-TH-GB-50-10-4,50,2,,105,Local Profile - Thailand DTAC,761.86,eSIM - Thailand - 50 GB For 10 Days,,10,THA,THA
1392,pS-PB-TH-GB-50-10,50,1,,105,SIM: Thailand True,761.86,Plastic SIM - Thailand [True] - 50 GB For 30 Days,,10,THA,THA
1393,eSim-BL-US-GB-50-30,50,2,,105,"Unlimited Local Calls & SMS, International Calling to 100+ Countries",1609.32,eSIM - United States - 50 GB For 30 Days,,30,"USA,CAN,MEX",USA
1394,20251110T100030128449_44a05603-c0d2-4bbb-b55b-9be698bd9732,50,2,,105,,2117.8,United States of America - 50 GB for 30 Days,,30,USA,USA
1395,IDN_0213202516001130,50,2,,105,,2287.29,Indonesia - 50 GB for 30 Days,,30,IDN,IDN
1396,Japan50GB30days20251001075401,50,2,,103,,2456.78,eSIM - Japan - 50 GB For 30 Days,,30,JPN,JPN
1397,LKA_0213202516000899,50,2,,105,,2541.53,Sri Lanka - 50 GB for 30 Days,,30,LKA,LKA
1398,NLD_1002202510475097,50,2,,105,,2541.53,Netherlands - 50 GB for 30 Days,,30,NLD,NLD
1399,pS-BL-GB-GB-100-30,100,1,,105,SIM: 3UK,1439.83,Plastic SIM - United Kingdom [3UK] - 100GB For 30 Days,,30,GBR,GBR
1400,eSim-BL-GB-GB-100-30,100,2,,105,,1524.58,eSIM - United Kingdom - 100 GB For 30 Days,,30,GBR,GBR
1401,20251110T100032642299_1e8f0452-279d-40a7-93e8-db021079fde6,100,2,,105,,3134.75,United States of America - 100 GB for 30 Days,,30,USA,USA
1402,eSim-PB-AD-VA-100-30,100,2,,105,Unllimited Calls and SMS in EU; 120 Mins EU to ROW; 1000 SMS from EU to ROW,3727.97,eSIM - Europe (47) - 100 GB For 28 Days,,28,"AND,AZO,ALA,AUT,BAL,BEL,CAN,CYP,COR,CRE,CYC,HRV,CZE,DNK,EST,FRO,FIN,FRA,DEU,GIB,GRC,GGY,HUN,IRL,ISL,ITA,JEY,LVA,LIE,LTU,LUX,MAD,MLT,IMN,NOR,NLD,POL,PRT,RHO,ROU,ESP,GBR,SMR,SAR,SIC,SVK,SVN,CHE,SWE,VAT","EUR,AND,AZO,ALA,AUT,BAL,BEL,CAN,CYP,COR,CRE,CYC,HRV,CZE,DNK,EST,FRO,FIN,FRA,DEU,GIB,GRC,GGY,HUN,IRL,ISL,ITA,JEY,LVA,LIE,LTU,LUX,MAD,MLT,IMN,NOR,NLD,POL,PRT,RHO,ROU,ESP,GBR,SMR,SAR,SIC,SVK,SVN,CHE,SWE,VAT"
